generated/prodlim/crModel/test-1.R,10
generated/prodlim/dimColor/test-1.R,13
generated/prodlim/EventHistory.frame/test-5.R,41
generated/prodlim/EventHistory.frame/test-6.R,39
generated/prodlim/extract.name.from.special/test-3.R,854
generated/prodlim/extract.name.from.special/test-8.R,1180
generated/prodlim/getStates.Hist/test-1.R,14
generated/prodlim/Hist/test-10.R,136
generated/prodlim/Hist/test-11.R,121
generated/prodlim/Hist/test-13.R,137
generated/prodlim/Hist/test-30.R,200
generated/prodlim/Hist/test-33.R,151
generated/prodlim/Hist/test-7.R,195
generated/prodlim/Hist/test-8.R,121
generated/prodlim/jackknife/test-1.R,72
generated/prodlim/jackknife/test-2.R,40
generated/prodlim/jackknife/test-4.R,73
generated/prodlim/leaveOneOut.survival/test-2.R,79
generated/prodlim/List2Matrix/test-1.R,154
generated/prodlim/List2Matrix/test-2.R,389
generated/prodlim/meanNeighbors/test-1.R,108
generated/prodlim/neighborhood/test-1.R,181
generated/prodlim/parseSpecialNames/test-12.R,820
generated/prodlim/parseSpecialNames/test-14.R,617
generated/prodlim/parseSpecialNames/test-17.R,562
generated/prodlim/parseSpecialNames/test-19.R,953
generated/prodlim/parseSpecialNames/test-2.R,1245
generated/prodlim/plotCompetingRiskModel/test-3.R,20
generated/prodlim/plot.Hist/test-10.R,25
generated/prodlim/plot.Hist/test-11.R,24
generated/prodlim/plot.Hist/test-12.R,20
generated/prodlim/plot.Hist/test-14.R,18
generated/prodlim/plot.Hist/test-15.R,20
generated/prodlim/plot.Hist/test-16.R,24
generated/prodlim/plot.Hist/test-3.R,13
generated/prodlim/plot.Hist/test-4.R,12
generated/prodlim/plot.Hist/test-6.R,25
generated/prodlim/plot.Hist/test-7.R,20
generated/prodlim/plotIllnessDeathModel/test-1.R,16
generated/prodlim/plotIllnessDeathModel/test-3.R,16
generated/prodlim/plot.prodlim/test-10.R,20
generated/prodlim/plot.prodlim/test-13.R,10
generated/prodlim/plot.prodlim/test-14.R,23
generated/prodlim/plot.prodlim/test-15.R,21
generated/prodlim/plot.prodlim/test-1.R,21
generated/prodlim/plot.prodlim/test-21.R,12
generated/prodlim/plot.prodlim/test-22.R,12
generated/prodlim/plot.prodlim/test-26.R,23
generated/prodlim/plot.prodlim/test-29.R,24
generated/prodlim/plot.prodlim/test-30.R,22
generated/prodlim/plot.prodlim/test-31.R,27
generated/prodlim/plot.prodlim/test-37.R,27
generated/prodlim/plot.prodlim/test-38.R,12
generated/prodlim/plot.prodlim/test-7.R,22
generated/prodlim/predictSurvIndividual/test-1.R,101
generated/prodlim/print.Hist/test-15.R,216
generated/prodlim/print.Hist/test-2.R,219
generated/prodlim/print.Hist/test-6.R,172
generated/prodlim/print.Hist/test-9.R,149
generated/prodlim/print.neighborhood/test-1.R,735
generated/prodlim/print.prodlim/test-1.R,37
generated/prodlim/print.prodlim/test-3.R,45
generated/prodlim/print.quantile.prodlim/test-10.R,133
generated/prodlim/print.quantile.prodlim/test-1.R,185
generated/prodlim/print.quantile.prodlim/test-2.R,231
generated/prodlim/print.quantile.prodlim/test-3.R,200
generated/prodlim/print.quantile.prodlim/test-7.R,200
generated/prodlim/print.summary.prodlim/test-17.R,671
generated/prodlim/print.summary.prodlim/test-18.R,525
generated/prodlim/print.summary.prodlim/test-21.R,743
generated/prodlim/print.summary.prodlim/test-5.R,397
generated/prodlim/print.summary.prodlim/test-6.R,414
generated/prodlim/prodlim/test-16.R,48
generated/prodlim/prodlim/test-19.R,56
generated/prodlim/prodlim/test-21.R,63
generated/prodlim/prodlim/test-23.R,50
generated/prodlim/prodlim/test-24.R,60
generated/prodlim/prodlim/test-28.R,38
generated/prodlim/prodlim/test-33.R,68
generated/prodlim/prodlim/test-45.R,36
generated/prodlim/prodlim/test-46.R,25
generated/prodlim/prodlim/test-5.R,34
generated/prodlim/quantile.prodlim/test-3.R,39
generated/prodlim/quantile.prodlim/test-4.R,22
generated/prodlim/quantile.prodlim/test-5.R,43
generated/prodlim/quantile.prodlim/test-6.R,21
generated/prodlim/redist/test-1.R,47
generated/prodlim/row.match/test-2.R,437
generated/prodlim/SimCompRisk/test-1.R,10
generated/prodlim/SimSurv/test-1.R,10
generated/prodlim/sindex/test-92.R,676
generated/prodlim/stopTime/test-1.R,155
generated/prodlim/stopTime/test-2.R,205
generated/prodlim/stopTime/test-5.R,532
generated/prodlim/summary.Hist/test-36.R,130
generated/prodlim/summary.prodlim/test-34.R,45
generated/prodlim/summary.prodlim/test-35.R,23
generated/prodlim/summary.prodlim/test-43.R,31
generated/prodlim/summary.prodlim/test-46.R,27
generated/prodlim/summary.prodlim/test-48.R,61
generated/prodlim/summary.prodlim/test-49.R,12
generated/prodlim/summary.prodlim/test-50.R,10
generated/prodlim/summary.prodlim/test-53.R,29
generated/prodlim/summary.prodlim/test-54.R,29
generated/prodlim/summary.prodlim/test-55.R,57
generated/prodlim/summary.prodlim/test-56.R,10
generated/prodlim/survModel/test-1.R,10
generated/yaml/as.yaml/test-20.R,1085
generated/yaml/as.yaml/test-25.R,1098
generated/yaml/yaml.load/test-48.R,1044
generated/yaml/yaml.load/test-60.R,1048
