generated/abc/abc/test-2.R,67
generated/abc/expected.deviance/test-1.R,84
generated/abc/getmode/test-100.R,354
generated/abc/normalise/test-100.R,165
generated/abc/plot.gfit/test-1.R,221
generated/abc/postpr/test-10.R,34
generated/abc/summary.abc/test-1.R,10
generated/abc/summary.gfit/test-1.R,819
generated/abc/summary.postpr/test-10.R,18
generated/abind/abind/test-10.R,389
generated/abind/acorn.default/test-1.R,907
generated/abind/adrop.default/test-1.R,1711
generated/abind/asub.default/test-10.R,1845
generated/abodOutlier/abod/test-1.R,10
generated/acc/simPA/test-1.R,79
generated/acepack/ace/test-1.R,1442
generated/acepack/avas/test-2.R,228
generated/acss/acss/test-1.R,10
generated/acss/alternations/test-1.R,1842
generated/acss/change_complexity/test-1.R,1521
generated/acss/check_string/test-10.R,3510
generated/acss/count_class/test-1.R,980
generated/acss/entropy/test-1.R,402
generated/acss/entropy2/test-1.R,484
generated/acss/local_complexity/test-1.R,10
generated/acss/normalize_string/test-10.R,1563
generated/activity/bwcalc/test-10.R,14
generated/activity/cmean/test-1.R,1901
generated/activity/density2/test-1.R,10
generated/activity/dvmkern/test-10.R,10
generated/activity/fitact/test-13.R,10
generated/activity/fitlincirc/test-1.R,10
generated/activity/solartime/test-1.R,201
generated/activity/transtime/test-1.R,493
generated/activity/wrap/test-10.R,1313
generated/ade4/acm.disjonctif/test-10.R,145
generated/ade4/add.position.triangle/test-10.R,523
generated/ade4/add.scatter/test-1.R,975
generated/ade4/adegraphicsLoaded/test-1.R,7145
generated/ade4/apqe/test-2.R,100
generated/ade4/area.util.xy/test-1.R,11
generated/ade4/area2link/test-1.R,149
generated/ade4/as.dudi/test-100.R,96
generated/ade4/as.krandboot/test-1.R,190
generated/ade4/as.krandtest/test-13.R,33
generated/ade4/as.krandxval/test-1.R,97
generated/ade4/as.randtest/test-100.R,499
generated/ade4/as.taxo/test-1.R,317
generated/ade4/bicenter.wt/test-100.R,877
generated/ade4/c.kdist/test-1.R,108
generated/ade4/coinertia/test-1.R,11
generated/ade4/covfacwt/test-1.R,69
generated/ade4/covwt/test-1.R,905
generated/ade4/dagnelie.test/test-1.R,253
generated/ade4/discrimin.coa/test-1.R,12
generated/ade4/dist.binary/test-10.R,80
generated/ade4/dist.prop/test-10.R,10
generated/ade4/dist.quant/test-10.R,10
generated/ade4/dist.taxo/test-1.R,196
generated/ade4/dudi.acm/test-1.R,44
generated/ade4/dudi.coa/test-10.R,78
generated/ade4/dudi.dec/test-1.R,42
generated/ade4/dudi.fca/test-1.R,25
generated/ade4/dudi.fpca/test-1.R,17
generated/ade4/dudi.hillsmith/test-1.R,60
generated/ade4/dudi.mix/test-1.R,37
generated/ade4/dudi.nsc/test-1.R,99
generated/ade4/dudi.pca/test-100.R,32
generated/ade4/dudi.pco/test-1.R,43
generated/ade4/fac2disj/test-100.R,1935
generated/ade4/foucart/test-1.R,10
generated/ade4/fourthcorner/test-10.R,10
generated/ade4/gearymoran/test-2.R,10
generated/ade4/gridrowcol/test-1.R,52
generated/ade4/is.euclid/test-78.R,607
generated/ade4/kdist/test-2.R,63
generated/ade4/kdisteuclid/test-3.R,139
generated/ade4/ktab.data.frame/test-10.R,161
generated/ade4/ktab.list.df/test-1.R,84
generated/ade4/lingoes/test-1.R,102
generated/ade4/mantelkdist/test-1.R,21
generated/ade4/mstree/test-1.R,195
generated/ade4/neig.util.GtoL/test-1.R,242
generated/ade4/neig.util.LtoG/test-10.R,1219
generated/ade4/neig/test-11.R,1247
generated/ade4/newick2phylog.addtools/test-10.R,12
generated/ade4/newick2phylog/test-10.R,73
generated/ade4/niche/test-1.R,25
generated/ade4/nipals/test-1.R,10
generated/ade4/orthobasis.circ/test-1.R,779
generated/ade4/orthobasis.haar/test-1.R,264
generated/ade4/orthobasis.line/test-1.R,118
generated/ade4/PI2newick/test-1.R,82
generated/ade4/plot.4thcorner/test-1.R,10
generated/ade4/plot.randtest/test-62.R,159
generated/ade4/prep.circular/test-1.R,440
generated/ade4/prep.fuzzy.var/test-1.R,23
generated/ade4/prep.fuzzy/test-1.R,21
generated/ade4/prep.mdpcoa/test-1.R,10
generated/ade4/print.krandboot/test-1.R,68
generated/ade4/print.krandxval/test-1.R,37
generated/ade4/print.randtest/test-10.R,48
generated/ade4/print.statis/test-1.R,119
generated/ade4/procuste/test-1.R,150
generated/ade4/quasieuclid/test-10.R,254
generated/ade4/scalewt/test-1000.R,24
generated/ade4/scatter.coa/test-1.R,10
generated/ade4/scatterutil.base/test-100.R,1111
generated/ade4/scatterutil.convrot90/test-10.R,2786
generated/ade4/scatterutil.sco/test-1.R,285
generated/ade4/scatterutil.sub/test-100.R,7338
generated/ade4/scores.neig/test-1.R,131
generated/ade4/scoreutil.base/test-10.R,165
generated/ade4/summary.4thcorner/test-1.R,10
generated/ade4/t.dudi/test-10.R,86
generated/ade4/table.prepare/test-10.R,98
generated/ade4/taxo2phylog/test-1.R,10
generated/ade4/testamova/test-1.R,10
generated/ade4/testdiscrimin/test-1.R,450
generated/ade4/testertrace/test-1.R,54
generated/ade4/testertracerlq/test-1.R,10
generated/ade4/testmantel/test-10.R,97
generated/ade4/testprocuste/test-1.R,12
generated/ade4/triangle.param/test-10.R,395
generated/ade4/triangle.posipoint/test-100.R,2008
generated/ade4/uniquewt.df/test-1.R,218
generated/ade4/varfacwt/test-1.R,281
generated/ade4/varwt/test-100.R,545
generated/ade4/wca.dudi/test-1.R,40
generated/ade4/withinpca/test-1.R,39
generated/ADGofTest/ad.test/test-1.R,517
generated/AdvBinomApps/ci.mult.ref.cm/test-1.R,10
generated/AdvBinomApps/ci.mult.ref/test-1.R,10
generated/AdvBinomApps/ci.sas.cm/test-1.R,10
generated/AdvBinomApps/ci.sas/test-1.R,52
generated/AdvBinomApps/ci.syn.cm/test-1.R,10
generated/AdvBinomApps/ci.syn/test-1.R,17
generated/AdvBinomApps/gcd.mult.ref/test-1.R,3344
generated/AdvBinomApps/phi.mult.ref.cm/test-10.R,58
generated/AdvBinomApps/phi.mult.ref/test-10.R,73
generated/AdvBinomApps/phi.syn.cm/test-10.R,23
generated/AdvBinomApps/phi.syn/test-100.R,433
generated/AER/anova.ivreg/test-1.R,33
generated/AER/bread.ivreg/test-1.R,28
generated/AER/dispersiontest/test-1.R,10
generated/AER/estfun.ivreg/test-1.R,67
generated/AER/formula.tobit/test-1.R,54
generated/AER/hatvalues.ivreg/test-1.R,54
generated/AER/ivreg.fit/test-10.R,324
generated/AER/ivreg/test-10.R,75
generated/AER/linearHypothesis.tobit/test-1.R,43
generated/AER/model.matrix.ivreg/test-10.R,67
generated/AER/print.summary.ivreg/test-1.R,16
generated/AER/print.summary.tobit/test-1.R,10
generated/AER/terms.ivreg/test-1.R,82
generated/AER/tobit/test-1.R,51
generated/AER/vcov.ivreg/test-1.R,88
generated/agop/index_g/test-1.R,5588
generated/agop/index_h/test-2.R,6504
generated/agop/index.lp/test-1.R,3394
generated/agop/index.rp/test-1.R,5738
generated/agop/plot_producer/test-1.R,320
generated/AhoCorasickTrie/AhoCorasickSearch/test-1.R,1287
generated/AhoCorasickTrie/AhoCorasickSearchList/test-1.R,3207
generated/AID/boxcoxfr/test-1.R,10
generated/AID/boxcoxlm/test-1.R,10
generated/AID/boxcoxnc/test-1.R,10
generated/AID/confInt.boxcoxfr/test-1.R,10
generated/AID/confInt.boxcoxnc/test-1.R,723
generated/akima/aspline/test-1.R,847
generated/akima/bicubic.grid/test-1.R,792
generated/akima/bicubic/test-1.R,1626
generated/akima/bilinear.grid/test-1.R,632
generated/akima/bilinear/test-1.R,843
generated/akima/franke.data/test-10.R,2329
generated/akima/franke.fn/test-10.R,1258
generated/akima/interp.old/test-1.R,563
generated/akima/interp/test-10.R,263
generated/akima/interp2xyz/test-1.R,267
generated/akima/interpp.old/test-1.R,587
generated/akima/interpp/test-1.R,104
generated/AlgDesign/efficient.rounding/test-1.R,6480
generated/AlgDesign/expand.formula/test-59.R,629
generated/AlgDesign/gen.factorial/test-10.R,436
generated/AlgDesign/gen.mixture/test-1.R,1602
generated/AlgDesign/optBlock/test-4.R,10
generated/AlgDesign/optFederov/test-10.R,37
generated/AlgDesign/optMonteCarlo/test-1.R,46
generated/amap/acp/test-1.R,119
generated/amap/acpgen/test-1.R,171
generated/amap/acprob/test-1.R,289
generated/amap/burt/test-1.R,164
generated/amap/diss/test-2.R,4743
generated/amap/Dist/test-1.R,457
generated/amap/hcluster/test-15.R,343
generated/amap/Kmeans/test-1.R,10
generated/amap/plot2/test-1.R,402
generated/amap/plotAll/test-1.R,95
generated/amap/pop/test-2.R,1044
generated/amap/print.pop/test-1.R,260
generated/Amelia/amcheck/test-10.R,86
generated/Amelia/amelia.default/test-10.R,29
generated/Amelia/amelia.impute/test-100.R,169
generated/Amelia/amelia.prep/test-10.R,65
generated/Amelia/ameliabind/test-10.R,43
generated/Amelia/amstack/test-100.R,720
generated/Amelia/amsubset/test-10.R,165
generated/Amelia/amtransform/test-10.R,1640
generated/Amelia/amunstack/test-10.R,532
generated/Amelia/bootx/test-10.R,841
generated/Amelia/compare.density/test-10.R,36
generated/Amelia/disperse/test-1.R,16
generated/Amelia/emarch/test-100.R,46
generated/Amelia/frame.to.matrix/test-10.R,496
generated/Amelia/generatepriors/test-10.R,514
generated/Amelia/gethull/test-1.R,176
generated/Amelia/getOriginalData/test-1.R,1241
generated/Amelia/impfill/test-10.R,272
generated/Amelia/indxs/test-100.R,45
generated/Amelia/mi.meld/test-1.R,3745
generated/Amelia/missmap/test-1.R,36
generated/Amelia/moPrep.default/test-1.R,117
generated/Amelia/nametonumber/test-10.R,1339
generated/Amelia/overimpute/test-1.R,18
generated/Amelia/packr/test-10.R,736
generated/Amelia/print.amelia/test-10.R,50
generated/Amelia/remove.imputations/test-1.R,276
generated/Amelia/rmvnorm/test-10.R,174
generated/Amelia/scalecenter/test-10.R,231
generated/Amelia/set.mfrow/test-1.R,1889
generated/Amelia/startval/test-10.R,464
generated/Amelia/summary.amelia/test-1.R,119
generated/Amelia/transform.amelia/test-2.R,60
generated/Amelia/tscsPlot/test-10.R,10
generated/Amelia/unscale/test-10.R,860
generated/Amelia/unsubset/test-10.R,499
generated/Amelia/untransform/test-10.R,684
generated/AnnotationBustR/FindLongestSeq/test-1.R,10
generated/AnnotationBustR/MergeSearchTerms/test-1.R,266
generated/APCanalysis/apc/test-1.R,10
generated/APCanalysis/EERpenalties/test-2.R,10
generated/APCanalysis/FDRpenalties/test-1.R,10
generated/APCanalysis/IERpenalties/test-1.R,10
generated/APCanalysis/plot.apc/test-1.R,305
generated/APCanalysis/summary.apc/test-1.R,205
generated/ape/[.multiPhylo/test-2.R,679
generated/ape/[[.multiPhylo/test-100.R,96
generated/ape/+.phylo/test-2.R,228
generated/ape/AAsubst/test-1.R,87
generated/ape/abbreviateGenus/test-1.R,2590
generated/ape/ace/test-1.R,10
generated/ape/all.equal.DNAbin/test-1.R,153
generated/ape/all.equal.phylo/test-2.R,593
generated/ape/alview/test-1.R,24
generated/ape/as.alignment/test-1.R,68
generated/ape/as.bitsplits.prop.part/test-1.R,684
generated/ape/as.character.AAbin/test-2.R,414
generated/ape/as.character.DNAbin/test-1.R,1400
generated/ape/as.DNAbin.character/test-1.R,4256
generated/ape/as.hclust.phylo/test-1.R,410
generated/ape/as.matching.phylo/test-1.R,346
generated/ape/as.matrix.AAbin/test-2.R,1591
generated/ape/as.matrix.DNAbin/test-5.R,2673
generated/ape/as.phylo.formula/test-2.R,10
generated/ape/as.phylo.hclust/test-104.R,1041
generated/ape/as.phylo.matching/test-1.R,105
generated/ape/balance/test-1.R,53
generated/ape/base.freq/test-62.R,1613
generated/ape/bd.ext/test-1.R,129
generated/ape/binaryPGLMM.sim/test-1.R,93
generated/ape/binaryPGLMM/test-1.R,10
generated/ape/bind.tree/test-1.R,721
generated/ape/bionj/test-1.R,1452
generated/ape/bitsplits/test-4.R,724
generated/ape/branching.times/test-30.R,2847
generated/ape/c.multiPhylo/test-1.R,647
generated/ape/c.phylo/test-7.R,1389
generated/ape/CADM.global/test-1.R,10
generated/ape/CADM.post/test-1.R,10
generated/ape/CDF.birth.death/test-38.R,53
generated/ape/checkAlignment/test-1.R,10
generated/ape/checkLabel/test-2.R,2772
generated/ape/checkValidPhylo/test-1.R,591
generated/ape/chronoMPL/test-1.R,586
generated/ape/chronos.control/test-1.R,6618
generated/ape/chronos/test-1.R,19
generated/ape/coalescent.intervals.default/test-1.R,4300
generated/ape/coef.corBrownian/test-2.R,1274
generated/ape/coef.corGrafen/test-4.R,2730
generated/ape/coef.corMartins/test-4.R,2943
generated/ape/collapse.singles/test-19.R,853
generated/ape/collapsed.intervals/test-1.R,2619
generated/ape/compar.cheverud/test-2.R,155
generated/ape/compar.lynch/test-1.R,10
generated/ape/comparePhylo/test-1.R,105
generated/ape/compute.brlen/test-1.R,439
generated/ape/compute.brtime/test-1.R,898
generated/ape/cophenetic.phylo/test-8.R,2692
generated/ape/cophyloplot/test-3.R,13
generated/ape/corBrownian/test-2.R,2708
generated/ape/corGrafen/test-1.R,4742
generated/ape/corMartins/test-1.R,4527
generated/ape/corMatrix.corGrafen/test-47.R,655
generated/ape/corMatrix.corMartins/test-50.R,461
generated/ape/corPagel/test-1.R,4709
generated/ape/corphylo/test-1.R,10
generated/ape/correlogram.formula/test-1.R,14
generated/ape/dbd/test-1.R,5893
generated/ape/def/test-2.R,2969
generated/ape/di2multi.phylo/test-1.R,436
generated/ape/dist.dna/test-1865.R,221
generated/ape/dist.nodes/test-9.R,2907
generated/ape/dist.topo/test-1.R,303
generated/ape/diversi.gof/test-1.R,268
generated/ape/diversity.contrast.test/test-1.R,10
generated/ape/DNAbin2indel/test-1.R,261
generated/ape/dnds/test-1.R,10
generated/ape/drop.tip/test-12.R,782
generated/ape/dyule/test-1.R,6103
generated/ape/estimate.dates/test-1.R,20
generated/ape/estimate.mu/test-1.R,96
generated/ape/evonet/test-1.R,2914
generated/ape/extract.popsize/test-1.R,10
generated/ape/fastme.bal/test-2.R,433
generated/ape/find.skyline.epsilon/test-1.R,10
generated/ape/Ftab/test-1.R,221
generated/ape/GC.content/test-1.R,248
generated/ape/glsBM/test-1.R,44
generated/ape/has.singles/test-1.R,4493
generated/ape/howmanytrees/test-17.R,6690
generated/ape/image.DNAbin/test-3.R,10
generated/ape/Initialize.corPhyl/test-3.R,403
generated/ape/is.binary.multiPhylo/test-1.R,634
generated/ape/is.binary.phylo/test-10.R,1883
generated/ape/is.ultrametric.phylo/test-4.R,397
generated/ape/kronoviz/test-1.R,28
generated/ape/label2table/test-1.R,1059
generated/ape/labels.AAbin/test-2.R,4252
generated/ape/labels.DNAbin/test-6.R,1468
generated/ape/ladderize/test-2.R,158
generated/ape/lmorigin/test-1.R,10
generated/ape/ltt.coplot/test-2.R,61
generated/ape/ltt.plot/test-4.R,258
generated/ape/makeLabel.character/test-1.R,892
generated/ape/makeNodeLabel/test-12.R,638
generated/ape/mant.zstat/test-95.R,1952
generated/ape/mantel.test/test-1.R,15
generated/ape/matexpo/test-22.R,4477
generated/ape/mcconwaysims.test/test-2.R,79
generated/ape/mcmc.popsize/test-1.R,10
generated/ape/mixedFontLabel/test-1.R,2362
generated/ape/mltt.plot/test-1.R,53
generated/ape/Moran.I/test-22.R,1323
generated/ape/MPR/test-1.R,75
generated/ape/mrca/test-2.R,51
generated/ape/multi2di.phylo/test-2.R,985
generated/ape/nj/test-502.R,1580
generated/ape/Nnode.phylo/test-4.R,4676
generated/ape/node.depth.edgelength/test-2.R,708
generated/ape/nodepath/test-1.R,3534
generated/ape/nsca/test-1.R,355
generated/ape/ONEwise/test-3.R,2455
generated/ape/pcoa/test-2.R,157
generated/ape/perm.rowscols/test-1.R,4905
generated/ape/pic.ortho/test-1.R,301
generated/ape/pic/test-2.R,1819
generated/ape/plot.correlogram/test-1.R,183
generated/ape/plot.correlogramList/test-1.R,145
generated/ape/plot.evonet/test-2.R,267
generated/ape/plot.mst/test-1.R,103
generated/ape/plot.phylo/test-101.R,157
generated/ape/plot.phymltest/test-1.R,139
generated/ape/plot.prop.part/test-2.R,17
generated/ape/plot.skyline/test-2.R,201
generated/ape/plot.varcomp/test-1.R,218
generated/ape/plotBreakLongEdges/test-1.R,222
generated/ape/plotPhyloCoor/test-3.R,1348
generated/ape/plotTreeTime/test-1.R,183
generated/ape/polar2rect/test-81.R,4659
generated/ape/postorder/test-1.R,3214
generated/ape/postprocess.prop.part/test-1.R,2066
generated/ape/print.AAbin/test-1.R,686
generated/ape/print.binaryPGLMM/test-1.R,93
generated/ape/print.bitsplits/test-1.R,840
generated/ape/print.comparePhylo/test-1.R,1016
generated/ape/print.corphylo/test-1.R,144
generated/ape/print.DNAbin/test-4.R,319
generated/ape/print.evonet/test-1.R,677
generated/ape/print.multiPhylo/test-10.R,3219
generated/ape/print.phylo/test-2.R,988
generated/ape/print.phymltest/test-1.R,130
generated/ape/prop.clades/test-4.R,477
generated/ape/prop.part/test-103.R,2069
generated/ape/rbdtree/test-1.R,36
generated/ape/rcoal/test-3.R,699
generated/ape/rDNAbin/test-2.R,4535
generated/ape/read.evonet/test-2.R,895
generated/ape/read.tree/test-25.R,1765
generated/ape/reconstruct/test-1.R,19
generated/ape/reorder.phylo/test-221.R,1839
generated/ape/richness.yule.test/test-1.R,343
generated/ape/rlineage/test-2.R,20
generated/ape/rmtree/test-1.R,19
generated/ape/root.phylo/test-1.R,765
generated/ape/rotate/test-1.R,351
generated/ape/rotateConstr/test-1.R,165
generated/ape/rTraitCont/test-4.R,1152
generated/ape/rTraitDisc/test-1.R,386
generated/ape/rtree/test-1.R,3289
generated/ape/rtt/test-1.R,10
generated/ape/seg.sites/test-2.R,268
generated/ape/skyline.coalescentIntervals/test-1.R,383
generated/ape/skyline.phylo/test-2.R,119
generated/ape/skylineplot.deluxe/test-1.R,10
generated/ape/skylineplot/test-1.R,109
generated/ape/slowinskiguyer.test/test-2.R,817
generated/ape/sortIndex/test-2.R,2068
generated/ape/speciesTree/test-1.R,373
generated/ape/str.multiPhylo/test-1.R,43
generated/ape/stree/test-1.R,4838
generated/ape/stripLabel/test-1.R,1148
generated/ape/subtrees/test-1.R,62
generated/ape/summary.phylo/test-1.R,248
generated/ape/summary.phymltest/test-1.R,15
generated/ape/trans/test-2.R,179
generated/ape/triangMtd/test-1.R,204
generated/ape/unique.multiPhylo/test-1.R,10
generated/ape/updateLabel.phylo/test-1.R,3879
generated/ape/varcomp/test-1.R,10
generated/ape/vcv.corPhyl/test-1.R,240
generated/ape/vcv.phylo/test-5.R,1075
generated/ape/vcv2phylo/test-1.R,180
generated/ape/weight.taxo/test-1.R,326
generated/ape/weight.taxo2/test-3.R,56
generated/ape/where/test-1.R,207
generated/ape/write.tree/test-2.R,324
generated/archetypes/ahull/test-10.R,192
generated/archetypes/archetypes/test-10.R,45
generated/archetypes/archetypesFamily/test-10.R,4812
generated/archetypes/as.archetypes/test-1000.R,14
generated/archetypes/ginv.zalphasfn/test-100.R,238
generated/archetypes/jd/test-1.R,105
generated/archetypes/make.dummyfn/test-10.R,6945
generated/archetypes/make.random.initfn/test-10.R,6649
generated/archetypes/new.memento/test-10.R,1929
generated/archetypes/nnls.alphasfn/test-1000.R,27
generated/archetypes/nnls.betasfn/test-1000.R,565
generated/archetypes/norm2.normfn/test-1000.R,762
generated/archetypes/pcplot.default/test-1.R,10
generated/archetypes/qrsolve.zalphasfn/test-1000.R,279
generated/archetypes/rm.undummyfn/test-1000.R,2337
generated/archetypes/simplex_projection/test-1.R,3897
generated/archetypes/skeletonplot/test-1.R,190
generated/archetypes/std.rescalefn/test-1000.R,23
generated/archetypes/std.scalefn/test-1.R,941
generated/archetypes/tspsimplex_projection/test-1.R,522
generated/archetypes/xyplot.archetypes/test-10.R,151
generated/arm/bayesglm.fit/test-14.R,120
generated/arm/bayespolr/test-10.R,34
generated/arm/binned.resids/test-1.R,198
generated/arm/binnedplot/test-1.R,111
generated/arm/contr.bayes.unordered/test-1.R,1043
generated/arm/display/test-10.R,29
generated/arm/fround/test-100.R,3315
generated/arm/getQr/test-10.R,479
generated/arm/go/test-1.R,4519
generated/arm/invlogit/test-1.R,4851
generated/arm/matching/test-1.R,33
generated/arm/model.matrixBayes/test-1.R,607
generated/arm/pfround/test-10.R,1335
generated/arm/print.balance/test-1.R,136
generated/arm/print.GO/test-1.R,1599
generated/arm/rescale/test-1.R,4329
generated/ART/aligned.rank.transform/test-1.R,12
generated/arules/decode/test-1.R,1916
generated/arules/discretize/test-10.R,1022
generated/arules/discretizeDF/test-1.R,431
generated/arules/encode/test-2.R,192
generated/arules/random.transactions/test-1.R,10
generated/arules/write/test-3.R,1814
generated/ash/ash1/test-1.R,2399
generated/ash/ash2/test-1.R,480
generated/ash/bin1/test-1.R,4611
generated/ash/bin2/test-1.R,3215
generated/ash/center/test-1.R,1824
generated/ash/nicerange/test-1.R,5384
generated/assertive.base/are_identical/test-1.R,2974
generated/assertive.base/assert_any_are_false/test-1.R,859
generated/assertive.base/assert_any_are_na/test-1.R,750
generated/assertive.base/assert_any_are_true/test-1.R,846
generated/assertive.base/assert_engine/test-11.R,153
generated/assertive.base/assert_is_identical_to_false/test-1.R,2037
generated/assertive.base/assert_is_identical_to_na/test-1.R,2026
generated/assertive.base/assert_is_identical_to_true/test-1.R,678
generated/assertive.base/dont_stop/test-11.R,698
generated/assertive.base/is_false/test-2.R,2592
generated/assertive.base/is_identical_to_false/test-2.R,3083
generated/assertive.base/is_identical_to_na/test-3.R,1677
generated/assertive.base/is_identical_to_true/test-6.R,2456
generated/assertive.base/is_na/test-1.R,3724
generated/assertive.base/is_not_false/test-1.R,2881
generated/assertive.base/is_not_na/test-1.R,1391
generated/assertive.base/is_not_true/test-1.R,2919
generated/assertive.base/is_true/test-3.R,2547
generated/assertive.base/is2/test-7.R,1895
generated/assertive.base/merge_dots_with_list/test-1.R,487
generated/assertive.base/merge.list/test-1.R,1128
generated/assertive.base/names_never_null/test-3.R,6565
generated/assertive.base/parenthesise/test-4.R,728
generated/assertive.base/print_and_capture/test-4.R,1529
generated/assertive.base/print.scalar_with_cause/test-1.R,2220
generated/assertive.base/safe_deparse/test-44.R,309
generated/assertive.base/strip_attributes/test-3.R,5611
generated/assertive.base/to_names/test-4.R,4682
generated/assertive.base/truncate/test-9.R,5986
generated/assertive.code/assert_all_are_existing/test-1.R,533
generated/assertive.code/has_arg_/test-1.R,994
generated/assertive.code/has_arg/test-1.R,1113
generated/assertive.code/is_error_free/test-1.R,1131
generated/assertive.code/is_existing/test-1.R,1938
generated/assertive.code/is_if_condition/test-1.R,2088
generated/assertive.code/is_valid_r_code/test-1.R,649
generated/assertive.code/is_valid_variable_name/test-1.R,92
generated/assertive.data.uk/assert_all_are_uk_postcodes/test-1.R,136
generated/assertive.data.uk/assert_all_are_uk_telephone_numbers/test-1.R,17
generated/assertive.data.uk/assert_any_are_uk_car_licences/test-1.R,200
generated/assertive.data.uk/assert_any_are_uk_national_insurance_numbers/test-1.R,396
generated/assertive.data.uk/is_uk_car_licence/test-1.R,75
generated/assertive.data.uk/is_uk_national_insurance_number/test-1.R,606
generated/assertive.data.uk/is_uk_postcode/test-1.R,321
generated/assertive.data.uk/is_uk_telephone_number/test-1.R,16
generated/assertive.data.us/assert_any_are_us_zip_codes/test-1.R,12
generated/assertive.data.us/is_us_social_security_number/test-1.R,302
generated/assertive.data.us/is_us_telephone_number/test-1.R,341
generated/assertive.data.us/is_us_zip_code/test-1.R,12
generated/assertive.data/assert_any_are_cas_numbers/test-1.R,240
generated/assertive.data/assert_any_are_credit_card_numbers/test-1.R,100
generated/assertive.data/assert_any_are_hex_colors/test-1.R,534
generated/assertive.data/assert_any_are_ip_addresses/test-1.R,134
generated/assertive.data/assert_any_are_isbn_codes/test-1.R,146
generated/assertive.data/is_cas_number/test-1.R,302
generated/assertive.data/is_credit_card_number/test-1.R,109
generated/assertive.data/is_email_address/test-1.R,1733
generated/assertive.data/is_hex_color/test-1.R,985
generated/assertive.data/is_honorific/test-1.R,68
generated/assertive.data/is_ip_address/test-1.R,591
generated/assertive.data/is_isbn_code/test-1.R,50
generated/assertive.data/is_isbn10_code/test-1.R,321
generated/assertive.data/is_isbn13_code/test-1.R,242
generated/assertive.datetimes/assert_all_are_date_strings/test-1.R,713
generated/assertive.datetimes/is_after/test-1.R,417
generated/assertive.datetimes/is_before/test-1.R,417
generated/assertive.datetimes/is_date_string/test-1.R,485
generated/assertive.datetimes/is_in_future/test-1.R,755
generated/assertive.datetimes/is_in_past/test-1.R,857
generated/assertive.files/assert_all_are_dirs/test-1.R,626
generated/assertive.files/assert_is_open_connection/test-1.R,1077
generated/assertive.files/assert_is_readable_connection/test-1.R,849
generated/assertive.files/assert_is_stderr/test-1.R,1155
generated/assertive.files/assert_is_stdin/test-1.R,1180
generated/assertive.files/assert_is_stdout/test-1.R,1157
generated/assertive.files/assert_is_terminal_connection/test-2.R,964
generated/assertive.files/assert_is_writable_connection/test-1.R,381
generated/assertive.files/is_connection/test-1.R,2848
generated/assertive.files/is_dir/test-1.R,1600
generated/assertive.files/is_empty_file/test-1.R,1032
generated/assertive.files/is_executable_file/test-1.R,1832
generated/assertive.files/is_existing_file/test-1.R,2166
generated/assertive.files/is_file_size_in_range/test-1.R,620
generated/assertive.files/is_library/test-1.R,2130
generated/assertive.files/is_non_empty_file/test-1.R,1045
generated/assertive.files/is_open_connection/test-1.R,801
generated/assertive.files/is_readable_connection/test-1.R,2611
generated/assertive.files/is_readable_file/test-1.R,1966
generated/assertive.files/is_stderr/test-1.R,2768
generated/assertive.files/is_stdin/test-1.R,1082
generated/assertive.files/is_stdout/test-1.R,2425
generated/assertive.files/is_terminal_connection/test-1.R,1970
generated/assertive.files/is_writable_connection/test-1.R,2598
generated/assertive.files/warn_about_file.access_under_windows/test-1.R,2239
generated/assertive.matrices/assert_is_symmetric_matrix/test-1.R,640
generated/assertive.matrices/is_diagonal_matrix/test-1.R,194
generated/assertive.matrices/is_identity_matrix/test-1.R,186
generated/assertive.matrices/is_lower_triangular_matrix/test-1.R,1605
generated/assertive.matrices/is_square_matrix/test-1.R,1020
generated/assertive.matrices/is_symmetric_matrix/test-1.R,921
generated/assertive.matrices/is_upper_triangular_matrix/test-1.R,1285
generated/assertive.matrices/is_zero_matrix/test-1.R,3193
generated/assertive.models/assert_has_terms/test-1.R,234
generated/assertive.models/has_terms/test-1.R,269
generated/assertive.numbers/assert_all_are_finite/test-1.R,898
generated/assertive.numbers/assert_all_are_imaginary/test-1.R,1019
generated/assertive.numbers/assert_all_are_in_left_open_range/test-1.R,224
generated/assertive.numbers/assert_all_are_infinite/test-1.R,956
generated/assertive.numbers/assert_all_are_non_negative/test-1.R,713
generated/assertive.numbers/assert_all_are_not_nan/test-1.R,901
generated/assertive.numbers/assert_all_are_percentages/test-1.R,676
generated/assertive.numbers/assert_all_are_positive/test-1.R,245
generated/assertive.numbers/assert_all_are_proportions/test-1.R,669
generated/assertive.numbers/assert_all_are_real/test-1.R,832
generated/assertive.numbers/assert_any_are_even/test-1.R,856
generated/assertive.numbers/assert_any_are_finite/test-1.R,710
generated/assertive.numbers/assert_any_are_imaginary/test-1.R,864
generated/assertive.numbers/assert_any_are_not_nan/test-1.R,762
generated/assertive.numbers/assert_any_are_positive/test-1.R,598
generated/assertive.numbers/assert_any_are_real/test-1.R,691
generated/assertive.numbers/is_divisible_by/test-1.R,3800
generated/assertive.numbers/is_equal_to/test-1.R,1036
generated/assertive.numbers/is_even/test-1.R,3810
generated/assertive.numbers/is_finite/test-1.R,1894
generated/assertive.numbers/is_greater_than_or_equal_to/test-1.R,2273
generated/assertive.numbers/is_greater_than/test-1.R,669
generated/assertive.numbers/is_imaginary/test-1.R,1995
generated/assertive.numbers/is_in_left_open_range/test-1.R,1514
generated/assertive.numbers/is_in_range/test-1.R,1345
generated/assertive.numbers/is_infinite/test-1.R,3348
generated/assertive.numbers/is_less_than_or_equal_to/test-1.R,2486
generated/assertive.numbers/is_less_than/test-1.R,1717
generated/assertive.numbers/is_nan/test-1.R,2252
generated/assertive.numbers/is_negative_infinity/test-1.R,1786
generated/assertive.numbers/is_non_negative/test-1.R,1626
generated/assertive.numbers/is_not_equal_to/test-1.R,638
generated/assertive.numbers/is_not_nan/test-1.R,2350
generated/assertive.numbers/is_percentage/test-1.R,1632
generated/assertive.numbers/is_positive_infinity/test-1.R,1523
generated/assertive.numbers/is_positive/test-1.R,1641
generated/assertive.numbers/is_proportion/test-1.R,1627
generated/assertive.numbers/is_real/test-1.R,1654
generated/assertive.numbers/is_whole_number/test-1.R,3116
generated/assertive.numbers/make_range_string/test-1.R,5562
generated/assertive.properties/are_same_length/test-1.R,2825
generated/assertive.properties/assert_has_all_attributes/test-1.R,437
generated/assertive.properties/assert_has_any_attributes/test-1.R,624
generated/assertive.properties/assert_has_colnames/test-1.R,1795
generated/assertive.properties/assert_has_cols/test-1.R,1839
generated/assertive.properties/assert_has_dimnames/test-1.R,1555
generated/assertive.properties/assert_has_duplicates/test-1.R,1844
generated/assertive.properties/assert_has_elements/test-1.R,1754
generated/assertive.properties/assert_has_names/test-1.R,1786
generated/assertive.properties/assert_has_rownames/test-1.R,952
generated/assertive.properties/assert_has_rows/test-1.R,791
generated/assertive.properties/assert_is_atomic/test-10.R,2002
generated/assertive.properties/assert_is_empty/test-1.R,1795
generated/assertive.properties/assert_is_nested/test-1.R,1354
generated/assertive.properties/assert_is_non_empty/test-1.R,1239
generated/assertive.properties/assert_is_non_nested/test-1.R,2038
generated/assertive.properties/assert_is_not_null/test-1.R,2054
generated/assertive.properties/assert_is_null/test-1.R,1131
generated/assertive.properties/assert_is_of_dimension/test-1.R,1385
generated/assertive.properties/assert_is_of_length/test-1.R,1916
generated/assertive.properties/assert_is_recursive/test-1.R,2162
generated/assertive.properties/assert_is_scalar/test-1.R,1013
generated/assertive.properties/assert_is_unsorted/test-1.R,1691
generated/assertive.properties/assert_is_vector/test-1.R,2136
generated/assertive.properties/check_n/test-10.R,6147
generated/assertive.properties/DIM/test-10.R,2115
generated/assertive.properties/get_dim_string/test-1.R,6534
generated/assertive.properties/get_metric/test-1.R,6326
generated/assertive.properties/has_any_attributes/test-1.R,2363
generated/assertive.properties/has_attributes/test-1.R,2203
generated/assertive.properties/has_colnames/test-1.R,4847
generated/assertive.properties/has_cols/test-1.R,5345
generated/assertive.properties/has_dimnames/test-1.R,1415
generated/assertive.properties/has_dims/test-1.R,3459
generated/assertive.properties/has_duplicates/test-1.R,4922
generated/assertive.properties/has_elements/test-1.R,2727
generated/assertive.properties/has_names/test-1.R,882
generated/assertive.properties/has_no_attributes/test-1.R,1014
generated/assertive.properties/has_no_duplicates/test-1.R,807
generated/assertive.properties/has_rownames/test-1.R,4407
generated/assertive.properties/has_rows/test-1.R,4471
generated/assertive.properties/have_same_dims/test-1.R,415
generated/assertive.properties/is_atomic/test-11.R,6426
generated/assertive.properties/is_empty/test-1.R,2176
generated/assertive.properties/is_monotonic_decreasing/test-1.R,195
generated/assertive.properties/is_nested/test-1.R,2744
generated/assertive.properties/is_non_empty/test-1.R,2764
generated/assertive.properties/is_non_nested/test-1.R,5806
generated/assertive.properties/is_not_null/test-10.R,3346
generated/assertive.properties/is_null/test-1.R,2080
generated/assertive.properties/is_of_dimension/test-1.R,3415
generated/assertive.properties/is_of_length/test-10.R,5928
generated/assertive.properties/is_recursive/test-1.R,5359
generated/assertive.properties/is_scalar/test-1.R,5025
generated/assertive.properties/is_unsorted/test-1.R,5384
generated/assertive.properties/is_vector/test-1.R,5861
generated/assertive.properties/n_elements/test-10.R,3531
generated/assertive.reflection/assert_is_r/test-1.R,2645
generated/assertive.reflection/assert_is_unix/test-1.R,2687
generated/assertive.reflection/assert_r_can_compile_code/test-1.R,50
generated/assertive.reflection/clean_status_string/test-1.R,930
generated/assertive.reflection/get_current_r/test-1.R,10
generated/assertive.reflection/is_32_bit/test-1.R,1590
generated/assertive.reflection/is_64_bit/test-1.R,3990
generated/assertive.reflection/is_architect/test-1.R,3257
generated/assertive.reflection/is_batch_mode/test-1.R,3368
generated/assertive.reflection/is_bsd/test-1.R,746
generated/assertive.reflection/is_comma_for_decimal_point/test-1.R,1305
generated/assertive.reflection/is_emacs/test-1.R,818
generated/assertive.reflection/is_interactive/test-1.R,3496
generated/assertive.reflection/is_linux/test-1.R,1801
generated/assertive.reflection/is_on_os_path/test-1.R,249
generated/assertive.reflection/is_osx/test-1.R,785
generated/assertive.reflection/is_package_current/test-1.R,10
generated/assertive.reflection/is_period_for_decimal_point/test-1.R,309
generated/assertive.reflection/is_r_alpha/test-1.R,1445
generated/assertive.reflection/is_r_beta/test-1.R,1485
generated/assertive.reflection/is_r_devel/test-1.R,1485
generated/assertive.reflection/is_r_patched/test-1.R,1467
generated/assertive.reflection/is_r_release_candidate/test-1.R,1678
generated/assertive.reflection/is_r_release/test-1.R,5717
generated/assertive.reflection/is_r_revised/test-1.R,820
generated/assertive.reflection/is_r_slave/test-1.R,6201
generated/assertive.reflection/is_r/test-1.R,6097
generated/assertive.reflection/is_revo_r/test-1.R,4388
generated/assertive.reflection/is_rstudio_desktop/test-1.R,4243
generated/assertive.reflection/is_rstudio_server/test-1.R,4207
generated/assertive.reflection/is_rstudio/test-1.R,5304
generated/assertive.reflection/is_solaris/test-1.R,355
generated/assertive.reflection/is_unix/test-1.R,6559
generated/assertive.reflection/is_visual_studio/test-1.R,5374
generated/assertive.reflection/is_windows/test-1.R,1512
generated/assertive.reflection/is_xx_bit/test-1.R,1816
generated/assertive.reflection/is_xxx_for_decimal_point/test-1.R,4842
generated/assertive.reflection/not_this_build/test-1.R,2648
generated/assertive.reflection/not_this_os/test-1.R,1605
generated/assertive.reflection/r_can_build_translations/test-1.R,47
generated/assertive.reflection/r_can_compile_code/test-1.R,41
generated/assertive.reflection/r_can_find_java/test-1.R,10
generated/assertive.reflection/r_can_find_tools/test-1.R,46
generated/assertive.reflection/sys_get_locale/test-1.R,3061
generated/assertive.sets/are_disjoint_sets/test-1.R,311
generated/assertive.sets/are_intersecting_sets/test-1.R,5240
generated/assertive.sets/are_set_equal/test-1.R,2451
generated/assertive.sets/assert_are_set_equal/test-1.R,1127
generated/assertive.sets/assert_is_subset/test-1.R,630
generated/assertive.sets/assert_is_superset/test-1.R,1248
generated/assertive.sets/is_subset/test-10.R,4949
generated/assertive.sets/is_superset/test-1.R,4868
generated/assertive.strings/assert_all_are_numeric_strings/test-1.R,248
generated/assertive.strings/assert_any_are_matching_regex/test-1.R,573
generated/assertive.strings/assert_any_are_numeric_strings/test-1.R,431
generated/assertive.strings/is_a_missing_or_empty_string/test-1.R,874
generated/assertive.strings/is_a_non_empty_string/test-1.R,2823
generated/assertive.strings/is_a_non_missing_nor_empty_string/test-1.R,464
generated/assertive.strings/is_an_empty_string/test-1.R,2870
generated/assertive.strings/is_empty_character/test-1.R,2697
generated/assertive.strings/is_logical_string/test-1.R,1135
generated/assertive.strings/is_matching_fixed/test-1.R,792
generated/assertive.strings/is_matching_regex/test-1.R,1084
generated/assertive.strings/is_missing_or_empty_character/test-1.R,2215
generated/assertive.strings/is_non_empty_character/test-1.R,2780
generated/assertive.strings/is_non_missing_nor_empty_character/test-1.R,1813
generated/assertive.strings/is_not_matching_regex/test-1.R,1152
generated/assertive.strings/is_numeric_string/test-1.R,704
generated/assertive.strings/is_single_character/test-1.R,855
generated/assertive.types/%calls%/test-1.R,10
generated/assertive.types/%fn_in%/test-1.R,1203
generated/assertive.types/assert_all_are_classes/test-1.R,517
generated/assertive.types/assert_is_a_bool/test-1.R,1600
generated/assertive.types/assert_is_a_complex/test-1.R,1267
generated/assertive.types/assert_is_a_double/test-1.R,1640
generated/assertive.types/assert_is_a_number/test-1.R,1057
generated/assertive.types/assert_is_a_raw/test-1.R,1395
generated/assertive.types/assert_is_all_of/test-1.R,883
generated/assertive.types/assert_is_an_integer/test-1.R,1595
generated/assertive.types/assert_is_array/test-1.R,1383
generated/assertive.types/assert_is_character/test-1.R,1835
generated/assertive.types/assert_is_complex/test-1.R,1446
generated/assertive.types/assert_is_data.frame/test-1.R,1533
generated/assertive.types/assert_is_data.table/test-1.R,464
generated/assertive.types/assert_is_environment/test-1.R,1598
generated/assertive.types/assert_is_expression/test-1.R,1844
generated/assertive.types/assert_is_factor/test-1.R,938
generated/assertive.types/assert_is_function/test-1.R,1081
generated/assertive.types/assert_is_inherited_from/test-1.R,1861
generated/assertive.types/assert_is_integer/test-1.R,1605
generated/assertive.types/assert_is_language/test-2.R,2140
generated/assertive.types/assert_is_list/test-1.R,704
generated/assertive.types/assert_is_logical/test-1.R,1364
generated/assertive.types/assert_is_matrix/test-1.R,1632
generated/assertive.types/assert_is_numeric/test-1.R,1614
generated/assertive.types/assert_is_qr/test-1.R,802
generated/assertive.types/assert_is_raster/test-1.R,1218
generated/assertive.types/assert_is_raw/test-1.R,1558
generated/assertive.types/assert_is_relistable/test-1.R,1360
generated/assertive.types/assert_is_s4/test-1.R,1284
generated/assertive.types/assert_is_table/test-1.R,634
generated/assertive.types/assert_is_tbl_df/test-1.R,72
generated/assertive.types/assert_is_ts/test-1.R,918
generated/assertive.types/is_a_bool/test-1.R,3011
generated/assertive.types/is_a_complex/test-1.R,1063
generated/assertive.types/is_a_double/test-1.R,4145
generated/assertive.types/is_a_number/test-1.R,3989
generated/assertive.types/is_a_raw/test-1.R,2020
generated/assertive.types/is_an_integer/test-1.R,3029
generated/assertive.types/is_array/test-1.R,3970
generated/assertive.types/is_builtin_function/test-1.R,4607
generated/assertive.types/is_character/test-1.R,4590
generated/assertive.types/is_class/test-1.R,1634
generated/assertive.types/is_closure_function/test-1.R,4675
generated/assertive.types/is_complex/test-1.R,1260
generated/assertive.types/is_data.frame/test-1.R,4242
generated/assertive.types/is_date/test-1.R,2269
generated/assertive.types/is_double/test-1.R,2702
generated/assertive.types/is_environment/test-1.R,4534
generated/assertive.types/is_expression/test-1.R,4799
generated/assertive.types/is_factor/test-1.R,3065
generated/assertive.types/is_formula/test-1.R,2734
generated/assertive.types/is_function/test-10.R,19
generated/assertive.types/is_inherited_from/test-1.R,4729
generated/assertive.types/is_integer/test-1.R,4773
generated/assertive.types/is_internal_function/test-1.R,541
generated/assertive.types/is_language/test-1.R,2105
generated/assertive.types/is_list/test-1.R,4854
generated/assertive.types/is_logical/test-1.R,4716
generated/assertive.types/is_matrix/test-1.R,1189
generated/assertive.types/is_message/test-1.R,891
generated/assertive.types/is_numeric/test-1.R,3778
generated/assertive.types/is_one_sided_formula/test-1.R,2406
generated/assertive.types/is_posixct/test-1.R,1238
generated/assertive.types/is_qr/test-1.R,3618
generated/assertive.types/is_raster/test-1.R,3945
generated/assertive.types/is_raw/test-1.R,3619
generated/assertive.types/is_relistable/test-1.R,3771
generated/assertive.types/is_s3_generic/test-1.R,1059
generated/assertive.types/is_s3_group_generic/test-1.R,761
generated/assertive.types/is_s3_internal_generic/test-1.R,1062
generated/assertive.types/is_s3_method/test-1.R,201
generated/assertive.types/is_s3_primitive_generic/test-1.R,2270
generated/assertive.types/is_s4_group_generic/test-1.R,1215
generated/assertive.types/is_simple_message/test-1.R,908
generated/assertive.types/is_special_function/test-1.R,4916
generated/assertive.types/is_table/test-1.R,3903
generated/assertive.types/is_tbl_df/test-1.R,1565
generated/assertive.types/is_tbl/test-1.R,543
generated/assertive.types/is_ts/test-1.R,1775
generated/assertive.types/is_two_sided_formula/test-1.R,2417
generated/assertive.types/is_typeof_function/test-10.R,10
generated/assertthat/%has_args%/test-1.R,4211
generated/assertthat/%has_name%/test-1.R,5908
generated/assertthat/are_equal/test-2.R,1549
generated/assertthat/has_args/test-1.R,4338
generated/assertthat/is.count/test-1.R,6258
generated/assertthat/is.date/test-1.R,3895
generated/assertthat/is.flag/test-3.R,6522
generated/assertthat/is.number/test-1.R,6330
generated/assertthat/is.scalar/test-1.R,6192
generated/assertthat/is.string/test-5.R,2368
generated/assertthat/is.time/test-1.R,5609
generated/assertthat/noNA/test-2.R,6209
generated/assertthat/not_empty/test-2.R,3733
generated/assertthat/on_failure<-/test-1.R,2049
generated/assertthat/see_if/test-12.R,1024
generated/assertthat/validate_that/test-1.R,4297
generated/astroFns/angSep/test-2.R,533
generated/astroFns/azimuth/test-2.R,1440
generated/astroFns/b2j/test-1.R,1518
generated/astroFns/beamDiskOverlap/test-1.R,73
generated/astroFns/dmjd2ut/test-6.R,702
generated/astroFns/elev/test-4.R,1305
generated/astroFns/j2b/test-2.R,500
generated/astroFns/jd2ymd/test-6.R,2412
generated/astroFns/planetFlux/test-1.R,6258
generated/astroFns/print.b2j/test-1.R,3504
generated/astroFns/print.fracHrs/test-1.R,2157
generated/astroFns/print.j2b/test-1.R,3588
generated/astroFns/rad2dms/test-6.R,4563
generated/astroFns/rad2hms/test-5.R,4546
generated/astroFns/ut2dmjd/test-5.R,2148
generated/asVPC/makeCOVbin/test-1.R,49
generated/ATE/ATE/test-1.R,10
generated/ATE/cr.rho/test-121.R,3456
generated/ATE/d.cr.rho/test-1168.R,5025
generated/ATE/dd.cr.rho/test-1393.R,1707
generated/ATE/print.ATE/test-3.R,10
generated/ATE/print.summary.ATE/test-2.R,10
generated/ATE/summary.ATE/test-1.R,10
generated/ATmet/LHSdesign/test-1.R,10
generated/ATmet/MCdesign/test-1.R,500
generated/aTSA/accurate/test-8.R,1034
generated/aTSA/adf.test/test-2.R,10
generated/aTSA/coint.test/test-1.R,31
generated/aTSA/ecm/test-1.R,70
generated/aTSA/kpss.test/test-1.R,73
generated/aTSA/MA/test-2.R,16
generated/aTSA/pp.test/test-2.R,40
generated/aTSA/stationary.test/test-2.R,10
generated/aTSA/stepar/test-1.R,121
generated/aTSA/trend.test/test-2.R,269
generated/aTSA/Winters/test-2.R,10
generated/AUC/accuracy/test-1.R,203
generated/AUC/auc/test-1.R,51
generated/AUC/plot.AUC/test-1.R,116
generated/AUC/roc/test-1.R,280
generated/AUC/sensitivity/test-1.R,237
generated/AUC/specificity/test-1.R,240
generated/audio/audio.drivers/test-1.R,6030
generated/audio/audioSample/test-1.R,1011
generated/audio/print.audioSample/test-1.R,1620
generated/autoencoder/visualize.hidden.units/test-4.R,14
generated/aws.signature/string_to_sign/test-1.R,3846
generated/awsMethods/setCores/test-1.R,2800
generated/backports/anyNA/test-1.R,5803
generated/backports/dir.exists/test-1.R,2417
generated/backports/endsWith/test-1.R,4753
generated/backports/file.info/test-1.R,1869
generated/backports/file.size/test-1.R,2884
generated/backports/get0/test-1.R,5229
generated/backports/hasName/test-1.R,4990
generated/backports/isFALSE/test-2.R,6041
generated/backports/isTRUE/test-3.R,5863
generated/backports/lengths/test-1.R,5365
generated/backports/startsWith/test-1.R,1859
generated/backports/strrep/test-1.R,3394
generated/backports/trimws/test-1.R,4159
generated/backports/URLencode/test-1.R,2438
generated/backports/warningCondition/test-1.R,1705
generated/bacr/bac/test-1.R,10
generated/bacr/calc.ACE/test-1.R,10
generated/bacr/calclogpost/test-10.R,118
generated/bacr/find.models/test-1.R,663
generated/bacr/get.predictorsY/test-1.R,5190
generated/bacr/GetACE/test-1.R,28
generated/bacr/plot.bacr/test-1.R,317
generated/bacr/summary.bacr/test-1.R,103
generated/bacr/update_alpha/test-10.R,127
generated/BalancedSampling/lcube/test-100.R,3031
generated/BalancedSampling/lpm1/test-10.R,117
generated/BalancedSampling/lpm2/test-100.R,1613
generated/BalancedSampling/sb/test-10.R,735
generated/BalancedSampling/scps/test-10.R,26
generated/base/as.matrix/test-1.R,323
generated/base/diag/test-3.R,4980
generated/base/ncol/test-10.R,2098
generated/base/typeof/test-10.R,5887
generated/base64enc/base64decode/test-1.R,4296
generated/base64enc/base64encode/test-2.R,5168
generated/base64enc/dataURI/test-1.R,1651
generated/base64url/base32_decode/test-1.R,4920
generated/base64url/base32_encode/test-1.R,4411
generated/base64url/base64_urldecode/test-1.R,5555
generated/base64url/base64_urlencode/test-1.R,1926
generated/BASIX/BASIX.combnapply/test-1.R,5291
generated/BASIX/BASIX.equal/test-1.R,5334
generated/BASIX/BASIX.find.interval/test-1.R,5232
generated/BASIX/BASIX.match/test-1.R,1893
generated/BASIX/BASIX.table/test-1.R,3974
generated/BASIX/BASIX.unique/test-1.R,4022
generated/BBmisc/%btwn%/test-1.R,4806
generated/BBmisc/addClasses/test-1.R,5643
generated/BBmisc/argsAsNamedList/test-1.R,4180
generated/BBmisc/asQuoted/test-1.R,3432
generated/BBmisc/binPack/test-1.R,926
generated/BBmisc/capitalizeStrings/test-1.R,3375
generated/BBmisc/catf/test-1.R,3917
generated/BBmisc/cFactor/test-1.R,1901
generated/BBmisc/checkListElementClass/test-1.R,1335
generated/BBmisc/chunk/test-1.R,1384
generated/BBmisc/clipString/test-1.R,3044
generated/BBmisc/collapse/test-10.R,4528
generated/BBmisc/computeMode/test-1.R,814
generated/BBmisc/convertInteger/test-1.R,3927
generated/BBmisc/convertIntegers/test-1.R,2358
generated/BBmisc/convertListOfRowsToDataFrame/test-1.R,402
generated/BBmisc/convertToShortString/test-1.R,614
generated/BBmisc/explode/test-1.R,3549
generated/BBmisc/extractSubList/test-1.R,2809
generated/BBmisc/getClass1/test-1.R,5519
generated/BBmisc/getMaxIndexOfRows/test-1.R,1279
generated/BBmisc/getMinIndexOfRows/test-1.R,3827
generated/BBmisc/getNChunks/test-1.R,2872
generated/BBmisc/insert/test-1.R,4440
generated/BBmisc/is.error/test-1.R,2015
generated/BBmisc/isDirectory/test-1.R,3695
generated/BBmisc/isEmptyDirectory/test-1.R,1379
generated/BBmisc/isExpensiveExampleOk/test-1.R,5403
generated/BBmisc/isFALSE/test-1.R,4200
generated/BBmisc/isProperlyNamed/test-1.R,5365
generated/BBmisc/isScalarValue/test-1.R,5600
generated/BBmisc/itostr/test-1.R,3972
generated/BBmisc/makeDataFrame/test-1.R,186
generated/BBmisc/makeProgressBar/test-1.R,1971
generated/BBmisc/makeS3Obj/test-1.R,549
generated/BBmisc/mapValues/test-1.R,1500
generated/BBmisc/namedList/test-1.R,5585
generated/BBmisc/names2/test-10.R,5417
generated/BBmisc/printStrToChar/test-1.R,85
generated/BBmisc/requirePackages/test-1.R,936
generated/BBmisc/rowLapply/test-1.R,28
generated/BBmisc/save2/test-2.R,1024
generated/BBmisc/seq_col/test-1.R,2136
generated/BBmisc/seq_row/test-1.R,2125
generated/BBmisc/setAttribute/test-1.R,5292
generated/BBmisc/setClasses/test-1.R,4620
generated/BBmisc/setColNames/test-1.R,1723
generated/BBmisc/splitTime/test-1.R,3221
generated/BBmisc/strrepeat/test-1.R,5314
generated/BBmisc/suppressAll/test-1.R,435
generated/BBmisc/toRangeStr/test-1.R,647
generated/BBmisc/viapply/test-1.R,5392
generated/BBmisc/vlapply/test-1.R,5281
generated/BBmisc/which.first/test-10.R,5369
generated/BBmisc/which.last/test-1.R,1524
generated/bbmle/AICctab/test-1.R,10
generated/bbmle/AICtab/test-1.R,10
generated/bbmle/calc_mle2_function/test-1.R,1544
generated/bbmle/call.to.char/test-1.R,2500
generated/bbmle/dnorm_n/test-1.R,1594
generated/bbmle/get.mnames/test-1.R,4899
generated/bbmle/mkpar/test-1000.R,4372
generated/bbmle/mle2.options/test-1.R,2911
generated/bbmle/mle2/test-10.R,23
generated/bbmle/namedrop/test-1000.R,4735
generated/bbmle/parnames/test-1.R,2032
generated/bbmle/parnames<-/test-1.R,2286
generated/bbmle/plot.slice/test-1.R,134
generated/bbmle/print.ICtab/test-1.R,973
generated/bbmle/relist2/test-1000.R,2247
generated/bbmle/sbinom/test-1.R,5270
generated/bbmle/slices_apply/test-1.R,500
generated/bbmle/snbinom/test-1.R,2652
generated/bbmle/splom.slice/test-1.R,144
generated/bbmle/xyplot.slice/test-1.R,148
generated/BBMM/brownian.motion.variance/test-1.R,987
generated/Bchron/BchronCalibrate/test-100.R,14
generated/Bchron/hdr/test-10.R,368
generated/Bchron/sampleAges/test-100.R,392
generated/Bchron/summary.BchronCalibratedDates/test-1.R,296
generated/Bchron/unCalibrate/test-1.R,26
generated/bdscale/bd2t/test-1.R,3466
generated/bdsmatrix/bdsBlock/test-1.R,521
generated/bdsmatrix/bdsI/test-1.R,992
generated/bdsmatrix/bdsmatrix/test-3.R,296
generated/bdsmatrix/gchol/test-1.R,949
generated/beanplot/beanplot/test-10.R,10
generated/beanplot/fixcolorvector/test-1.R,2057
generated/beanplot/getgroupsfromarguments/test-10.R,2771
generated/beanplot/makecombinedname/test-2.R,3166
generated/beeswarm/beeswarm.default/test-12.R,36
generated/beeswarm/beeswarm.formula/test-1.R,47
generated/beeswarm/swarmx/test-52.R,127
generated/beeswarm/swarmy/test-1.R,266
generated/benchr/convert_units/test-10.R,173
generated/benchr/dots/test-1.R,4443
generated/benchr/find_unit/test-10.R,1532
generated/benchr/is_installed/test-1.R,515
generated/benchr/mean.benchmark/test-1.R,34
generated/benchr/named_dots/test-1.R,1321
generated/benchr/pretty_unit/test-1.R,3617
generated/benchr/print.benchmark/test-1.R,23
generated/benchr/print.summaryBenchmark/test-1.R,56
generated/benchr/summarise/test-1.R,166
generated/benchr/summary.benchmark/test-1.R,178
generated/benchr/timer_precision/test-1.R,1592
generated/BenfordTests/chisq.benftest/test-1.R,467
generated/BenfordTests/edist.benftest/test-1.R,34
generated/BenfordTests/jointdigit.benftest/test-1.R,275
generated/BenfordTests/jpsq.benftest/test-1.R,33
generated/BenfordTests/ks.benftest/test-1.R,33
generated/BenfordTests/mdist.benftest/test-1.R,33
generated/BenfordTests/meandigit.benftest/test-1.R,458
generated/BenfordTests/pbenf/test-2.R,1041
generated/BenfordTests/qbenf/test-2.R,513
generated/BenfordTests/rbenf/test-1.R,5101
generated/BenfordTests/signifd.analysis/test-2.R,50
generated/BenfordTests/signifd/test-2.R,4972
generated/BenfordTests/simulateH0/test-15.R,36
generated/BenfordTests/usq.benftest/test-1.R,33
generated/BetaBit/frequon/test-1.R,20
generated/BetaBit/proton/test-1.R,77
generated/BetaBit/regression/test-1.R,21
generated/betafam/call.moment/test-1.R,1407
generated/BiasedUrn/dMWNCHypergeo/test-1.R,3466
generated/BiasedUrn/dWNCHypergeo/test-1.R,4461
generated/bibtex/ArrangeAuthors/test-100.R,341
generated/bibtex/ArrangeSingleAuthor/test-100.R,379
generated/bibtex/cleanupLatex/test-100.R,599
generated/bibtex/findBibFile/test-10.R,720
generated/bibtex/make.bib.entry/test-100.R,36
generated/bibtex/make.citation.list/test-10.R,338
generated/bibtex/read.bib/test-10.R,10
generated/bibtex/UnlistSplitClean/test-100.R,1505
generated/biglm/AIC.biglm/test-1.R,322
generated/biglm/bigglm.function/test-1.R,27
generated/biglm/bigglm/test-1.R,39
generated/biglm/biglm/test-1.R,353
generated/biglm/bigqr.init/test-1.R,4878
generated/biglm/coef.biglm/test-1.R,10
generated/biglm/coef.bigqr/test-1.R,10
generated/biglm/deviance.bigglm/test-1.R,10
generated/biglm/deviance.biglm/test-1.R,333
generated/biglm/predict.bigglm/test-2.R,152
generated/biglm/predict.biglm/test-1.R,151
generated/biglm/singcheck.bigqr/test-1.R,10
generated/biglm/update.biglm/test-1.R,159
generated/biglm/update.bigqr/test-10.R,2584
generated/biglm/vcov.bigglm/test-1.R,10
generated/biglm/vcov.biglm/test-1.R,277
generated/bigmemory/CAttachSharedBigMatrix/test-1.R,1482
generated/bigmemory/CCleanIndices/test-10.R,4917
generated/bigmemory/CCountLines/test-1.R,4693
generated/bigmemory/CreateSharedMatrix/test-10.R,1111
generated/bigmemory/morder/test-1.R,1977
generated/bigmemory/mpermute/test-1.R,1846
generated/bigmemory/MWhichRIntMatrix/test-1.R,3055
generated/bigmemory/OrderRNumericMatrix/test-1.R,2139
generated/bigmemory/ReorderRNumericMatrix/test-1.R,2181
generated/bigmemory/to_int_checked/test-1.R,3012
generated/binda/avoidBoundaries/test-1.R,1214
generated/binda/binda.ranking/test-1.R,357
generated/binda/binda/test-1.R,418
generated/binda/chances/test-1.R,429
generated/binda/dichotomize/test-1.R,2198
generated/binda/getClassMeans/test-1.R,1275
generated/binda/getClassSamples/test-1.R,3312
generated/binda/is.binaryMatrix/test-1.R,4159
generated/binda/max.col.value/test-1.R,1678
generated/binda/optimizeThreshold/test-1.R,160
generated/binda/predict.binda/test-1.R,856
generated/binda/rankingScore/test-1.R,1475
generated/binda/reportDetails/test-1.R,1485
generated/bindata/check.commonprob/test-1.R,956
generated/bindata/commonprob2sigma/test-1.R,23
generated/bindata/ra2ba/test-1.R,4317
generated/bindata/rmvbin/test-1.R,154
generated/bindata/simul.commonprob/test-1.R,10
generated/bindr/create_env/test-1.R,1498
generated/BinNor/compute.sigma.star/test-1.R,114
generated/BinNor/jointly.generate.binary.normal/test-10.R,281
generated/BinNor/lower.tri.to.corr.mat/test-1.R,3101
generated/BinNor/simulation/test-1.R,19
generated/BinNor/validation.bin/test-1.R,3692
generated/BinNor/validation.corr/test-1.R,288
generated/BinNor/validation.nor/test-1.R,3661
generated/BinNor/validation.range/test-1.R,2109
generated/binom/binom.bayes/test-1.R,150
generated/binom/binom.cloglog/test-1.R,308
generated/binom/binom.coverage/test-1.R,10
generated/binom/binom.length/test-1.R,10
generated/binom/binom.logit/test-1.R,311
generated/binom/binom.optim/test-1.R,10
generated/binom/binom.plot/test-1.R,10
generated/binom/binom.power/test-1.R,1242
generated/binom/binom.probit/test-1.R,289
generated/binom/binom.sim/test-1.R,10
generated/binom/build.density.data/test-2.R,46
generated/binom/cloglog.sample.size/test-1.R,510
generated/binom/rbind.zero/test-133.R,114
generated/binsmooth/gini/test-1.R,42
generated/binsmooth/rsubbins/test-1.R,65
generated/binsmooth/rsubbinsTail/test-1.R,14
generated/binsmooth/simcounty/test-1.R,10
generated/binsmooth/splinebins/test-1.R,10
generated/binsmooth/stats_from_distribution/test-2.R,13
generated/binsmooth/stepbins/test-1.R,792
generated/binsmooth/stepbinsNotail/test-1.R,578
generated/binsmooth/stepbinsTail/test-1.R,673
generated/binsmooth/theil/test-3.R,37
generated/bit/[.bit/test-1.R,963
generated/bit/[[.bit/test-1.R,3193
generated/bit/all.bitwhich/test-1.R,4351
generated/bit/any.bitwhich/test-1.R,4283
generated/bit/anyDuplicated.rlepack/test-1.R,901
generated/bit/as.bit.ri/test-1.R,3272
generated/bit/as.bitwhich.ri/test-3.R,1367
generated/bit/as.double.bit/test-1.R,1956
generated/bit/as.double.bitwhich/test-1.R,1822
generated/bit/as.double.ri/test-1.R,2049
generated/bit/as.integer.bit/test-1.R,1994
generated/bit/as.integer.bitwhich/test-1.R,1846
generated/bit/as.integer.ri/test-1.R,3092
generated/bit/as.logical.ri/test-1.R,3071
generated/bit/as.which.bitwhich/test-1.R,1403
generated/bit/as.which.ri/test-1.R,3285
generated/bit/bbatch/test-1.R,3405
generated/bit/bit_init/test-1.R,4874
generated/bit/clone.default/test-1.R,2503
generated/bit/intisasc/test-2.R,4730
generated/bit/intisdesc/test-1.R,4674
generated/bit/intrle/test-1.R,3363
generated/bit/is.bit/test-2.R,3292
generated/bit/is.bitwhich/test-1.R,4822
generated/bit/is.ri/test-1.R,4709
generated/bit/length.ri/test-3.R,3280
generated/bit/max.bitwhich/test-1.R,3429
generated/bit/min.bitwhich/test-1.R,4265
generated/bit/physical.default/test-1.R,3865
generated/bit/print.bit/test-7.R,1342
generated/bit/print.bitwhich/test-4.R,1414
generated/bit/print.ri/test-2.R,967
generated/bit/range.bitwhich/test-1.R,3891
generated/bit/repfromto/test-1.R,4682
generated/bit/rlepack.integer/test-1.R,3073
generated/bit/rleunpack.rlepack/test-11.R,1064
generated/bit/setattr/test-1.R,5006
generated/bit/still.identical/test-1.R,4943
generated/bit/summary.bitwhich/test-1.R,3507
generated/bit/unique.rlepack/test-1.R,701
generated/bit/vecseq/test-1.R,3469
generated/bit64/-.integer64/test-10.R,2566
generated/bit64/!.integer64/test-1.R,1827
generated/bit64/!=.integer64/test-1.R,1311
generated/bit64/*.integer64/test-10.R,576
generated/bit64/&.integer64/test-1.R,1328
generated/bit64/%/%.integer64/test-10.R,1662
generated/bit64/%in%.default/test-10.R,4373
generated/bit64/%in%.integer64/test-10.R,1535
generated/bit64/^.integer64/test-1.R,1831
generated/bit64/+.integer64/test-10.R,2572
generated/bit64/<.integer64/test-1.R,1296
generated/bit64/<=.integer64/test-1.R,1307
generated/bit64/==.integer64/test-1.R,809
generated/bit64/>.integer64/test-1.R,1258
generated/bit64/>=.integer64/test-1.R,1269
generated/bit64/|.integer64/test-1.R,1253
generated/bit64/abs.integer64/test-1.R,2514
generated/bit64/all.integer64/test-10.R,2034
generated/bit64/any.integer64/test-10.R,4436
generated/bit64/as.bitstring.integer64/test-1.R,3700
generated/bit64/as.character.integer64/test-10.R,3672
generated/bit64/as.double.integer64/test-1.R,1920
generated/bit64/as.integer64.character/test-1.R,3544
generated/bit64/as.integer64.double/test-100.R,4877
generated/bit64/as.integer64.factor/test-1.R,2277
generated/bit64/as.integer64.integer/test-100.R,1943
generated/bit64/as.integer64.integer64/test-100.R,4204
generated/bit64/as.integer64.logical/test-1.R,4920
generated/bit64/binattr/test-100.R,2410
generated/bit64/c.integer64/test-10.R,539
generated/bit64/cache/test-10.R,486
generated/bit64/cbind.integer64/test-1.R,2036
generated/bit64/ceiling.integer64/test-1.R,2177
generated/bit64/cummax.integer64/test-1.R,3622
generated/bit64/cummin.integer64/test-1.R,3586
generated/bit64/cumprod.integer64/test-1.R,3471
generated/bit64/cumsum.integer64/test-1.R,2792
generated/bit64/diff.integer64/test-1.R,2912
generated/bit64/duplicated.integer64/test-1.R,300
generated/bit64/floor.integer64/test-1.R,3080
generated/bit64/format.integer64/test-1.R,1715
generated/bit64/getcache/test-10.R,478
generated/bit64/hashfun.integer64/test-1.R,3570
generated/bit64/hashmap.integer64/test-10.R,354
generated/bit64/hashmaptab.integer64/test-1.R,3020
generated/bit64/hashmapuni.integer64/test-10.R,3514
generated/bit64/hashmapupo.integer64/test-1.R,357
generated/bit64/identical.integer64/test-10.R,3282
generated/bit64/integer64/test-10.R,4165
generated/bit64/is.double.default/test-10.R,1558
generated/bit64/is.double.integer64/test-10.R,4577
generated/bit64/is.integer64/test-100.R,4283
generated/bit64/is.na.integer64/test-1.R,2575
generated/bit64/is.sorted.integer64/test-1.R,1432
generated/bit64/keypos.integer64/test-1.R,1920
generated/bit64/lim.integer64/test-1.R,4997
generated/bit64/log.integer64/test-1.R,1590
generated/bit64/log10.integer64/test-1.R,1506
generated/bit64/log2.integer64/test-1.R,3375
generated/bit64/match.default/test-10.R,2721
generated/bit64/match.integer64/test-10.R,1477
generated/bit64/max.integer64/test-1.R,2342
generated/bit64/mean.integer64/test-1.R,381
generated/bit64/median.integer64/test-1.R,1569
generated/bit64/mergeorder.integer64/test-10.R,213
generated/bit64/mergesort.integer64/test-10.R,3976
generated/bit64/mergesortorder.integer64/test-10.R,2151
generated/bit64/min.integer64/test-1.R,2051
generated/bit64/minusclass/test-10.R,4941
generated/bit64/na.count.integer64/test-1.R,417
generated/bit64/newcache/test-10.R,402
generated/bit64/nties.integer64/test-1.R,2179
generated/bit64/nunique.integer64/test-1.R,1905
generated/bit64/nvalid.integer64/test-1.R,3535
generated/bit64/order.default/test-1.R,312
generated/bit64/orderdup.integer64/test-1.R,2712
generated/bit64/orderfin.integer64/test-1.R,185
generated/bit64/ordernut.integer64/test-1.R,3378
generated/bit64/orderpos.integer64/test-1.R,182
generated/bit64/orderqtl.integer64/test-1.R,194
generated/bit64/orderrnk.integer64/test-1.R,124
generated/bit64/ordertab.integer64/test-1.R,2935
generated/bit64/orderuni.integer64/test-1.R,2780
generated/bit64/orderupo.integer64/test-1.R,191
generated/bit64/plusclass/test-1.R,4578
generated/bit64/prank.integer64/test-1.R,1510
generated/bit64/print.integer64/test-10.R,1736
generated/bit64/prod.integer64/test-1.R,4336
generated/bit64/qtile.integer64/test-10.R,945
generated/bit64/quantile.integer64/test-10.R,800
generated/bit64/radixsort.integer64/test-1.R,334
generated/bit64/radixsortorder.integer64/test-10.R,180
generated/bit64/ramorder.integer64/test-10.R,2289
generated/bit64/ramsort.integer64/test-10.R,99
generated/bit64/ramsortorder.integer64/test-10.R,2158
generated/bit64/range.integer64/test-1.R,3711
generated/bit64/rank.default/test-1.R,2761
generated/bit64/rank.integer64/test-1.R,267
generated/bit64/rbind.integer64/test-1.R,2031
generated/bit64/remcache/test-100.R,4168
generated/bit64/seq.integer64/test-10.R,210
generated/bit64/sign.integer64/test-1.R,1775
generated/bit64/sort.integer64/test-1.R,306
generated/bit64/sortfin.integer64/test-1.R,348
generated/bit64/sortnut.integer64/test-10.R,383
generated/bit64/sortorderdup.integer64/test-10.R,2827
generated/bit64/sortorderkey.integer64/test-1.R,2055
generated/bit64/sortorderpos.integer64/test-1.R,268
generated/bit64/sortorderrnk.integer64/test-1.R,212
generated/bit64/sortordertab.integer64/test-1.R,2934
generated/bit64/sortordertie.integer64/test-1.R,1165
generated/bit64/sortorderuni.integer64/test-1.R,90
generated/bit64/sortorderupo.integer64/test-1.R,2951
generated/bit64/sortqtl.integer64/test-10.R,2274
generated/bit64/sorttab.integer64/test-10.R,911
generated/bit64/sortuni.integer64/test-10.R,248
generated/bit64/sqrt.integer64/test-1.R,2383
generated/bit64/sum.integer64/test-1.R,2157
generated/bit64/summary.integer64/test-1.R,138
generated/bit64/table.integer64/test-10.R,147
generated/bit64/tiepos.integer64/test-1.R,1906
generated/bit64/trunc.integer64/test-1.R,2971
generated/bit64/unipos.integer64/test-1.R,340
generated/bit64/unique.integer64/test-10.R,1824
generated/bit64/xor.integer64/test-1.R,1276
generated/BLModel/BL_post_distr/test-1.R,311
generated/BLModel/equilibrium_mean/test-1.R,654
generated/BLModel/observ_normal/test-2.R,1400
generated/BLModel/observ_powerexp/test-1.R,1095
generated/BLModel/observ_ts/test-1.R,1376
generated/blob/as.blob.default/test-1.R,2019
generated/blob/blob_size/test-2.R,365
generated/blob/format.blob/test-2.R,335
generated/blob/new_blob/test-2.R,1669
generated/blob/obj_print_data.blob/test-2.R,302
generated/blob/pretty_bytes_nopad/test-2.R,388
generated/blob/signal_soft_deprecated/test-1.R,1766
generated/blob/vec_ptype_full.blob/test-2.R,3339
generated/blockmatrix/as.blockmatrix.matrix/test-5.R,639
generated/blockmatrix/blockmatrix/test-7.R,909
generated/blockmatrix/is.zero.blockmatrix/test-1.R,4870
generated/blockmatrix/ncol_elements.default/test-1.R,4817
generated/BlockMessage/blockMessage/test-2.R,35
generated/BMisc/addCovToFormla/test-1.R,2192
generated/BMisc/checkfun/test-1.R,3981
generated/BMisc/combineDfs/test-1.R,513
generated/BMisc/dropCovFromFormla/test-1.R,2076
generated/BMisc/id2rownum/test-100.R,2742
generated/BMisc/ids2rownum/test-1.R,66
generated/BMisc/lhs.vars/test-1.R,4170
generated/BMisc/makeBalancedPanel/test-1.R,136
generated/BMisc/makeDist/test-1.R,1549
generated/BMisc/rhs.vars/test-1.R,2098
generated/BMisc/rhs/test-1.R,2544
generated/BMisc/subsample/test-1.R,89
generated/BMisc/toformula/test-1.R,2523
generated/bookdown/i18n/test-1.R,2010
generated/bookdown/is_img_line/test-1.R,3756
generated/bookdown/label_prefix/test-1.R,4294
generated/bookdown/load_config/test-1.R,4424
generated/bookdown/new_counters/test-1.R,2352
generated/bookdown/parse_fig_labels/test-1.R,440
generated/bookdown/parse_ref_links/test-1.R,3137
generated/bookdown/parse_section_labels/test-1.R,2814
generated/bookdown/prefix_section_labels/test-1.R,2601
generated/bookdown/ref_to_number/test-1.R,1648
generated/bookdown/resolve_ref_links_html/test-1.R,1065
generated/bookdown/resolve_refs_html/test-1.R,291
generated/bookdown/restore_math_labels/test-1.R,2919
generated/boot/abc.ci/test-1.R,35
generated/boot/balanced.array/test-1.R,113
generated/boot/basic.ci/test-3.R,477
generated/boot/boot.array/test-3.R,48
generated/boot/boot.ci/test-4.R,14
generated/boot/bsample/test-3.R,361
generated/boot/cens.case/test-1.R,261
generated/boot/const/test-12.R,2498
generated/boot/cum3/test-5.R,463
generated/boot/empinf/test-7.R,248
generated/boot/envelope/test-1.R,10
generated/boot/exp.tilt/test-1.R,42
generated/boot/extra.array/test-1.R,2612
generated/boot/glm.diag.plots/test-1.R,10
generated/boot/iden/test-1.R,4502
generated/boot/imp.moments/test-1.R,10
generated/boot/imp.prob/test-1.R,10
generated/boot/imp.quantile/test-1.R,10
generated/boot/imp.reg/test-1.R,2295
generated/boot/imp.weights/test-1.R,10
generated/boot/importance.array.bal/test-1.R,99
generated/boot/importance.array/test-3.R,311
generated/boot/index.array/test-29.R,318
generated/boot/isMatrix/test-4.R,4733
generated/boot/k3.linear/test-3.R,106
generated/boot/linear.approx/test-4.R,33
generated/boot/make.ends/test-1.R,3101
generated/boot/norm.ci/test-8.R,4218
generated/boot/norm.inter/test-5.R,794
generated/boot/normalize/test-2.R,1226
generated/boot/ordinary.array/test-3.R,169
generated/boot/perc.ci/test-1.R,312
generated/boot/permutation.array/test-1.R,439
generated/boot/print.simplex/test-1.R,169
generated/boot/saddle.distn/test-2.R,10
generated/boot/saddle/test-70.R,115
generated/boot/sample0/test-1.R,3442
generated/boot/simplex/test-70.R,302
generated/boot/smooth.f/test-1.R,10
generated/boot/stud.ci/test-2.R,456
generated/boot/ts.array/test-1.R,518
generated/boot/var.linear/test-3.R,213
generated/boot/zero/test-3.R,4733
generated/bpcp/abmm/test-100.R,2692
generated/bpcp/betaMeldTest/test-1.R,79
generated/bpcp/borkowf.calc/test-1.R,2101
generated/bpcp/bpcp.mm/test-1.R,638
generated/bpcp/bpcp/test-10.R,251
generated/bpcp/bpcp2samp/test-1.R,34
generated/bpcp/bpcp2sampControl/test-1.R,4295
generated/bpcp/bpcpControl/test-1.R,4556
generated/bpcp/bpcpfit.default/test-1.R,135
generated/bpcp/bpcpfit.formula/test-1.R,46
generated/bpcp/citoLR/test-1.R,1603
generated/bpcp/fixtdiff/test-1.R,166
generated/bpcp/getDefault.mark.time/test-1.R,2614
generated/bpcp/getmarks.x/test-1.R,3134
generated/bpcp/getmarks/test-1.R,572
generated/bpcp/intChar/test-10.R,1051
generated/bpcp/kmci1TG/test-1.R,380
generated/bpcp/kmciBorkowf/test-1.R,441
generated/bpcp/kmciSW/test-1.R,284
generated/bpcp/kmciTG/test-1.R,53
generated/bpcp/kmgw.calc/test-10.R,499
generated/bpcp/mdiffmedian.test/test-1.R,271
generated/bpcp/median.kmciLR/test-1.R,1661
generated/bpcp/median.kmciLRgroup/test-1.R,420
generated/bpcp/median.kmciLRtidy/test-1.R,815
generated/bpcp/plot.kmci/test-1.R,105
generated/bpcp/plot.kmciLR/test-1.R,92
generated/bpcp/plot.kmciLRgroup/test-1.R,53
generated/bpcp/plot.kmciLRtidy/test-1.R,33
generated/bpcp/print.kmciLR/test-1.R,823
generated/bpcp/print.kmciLRgroup/test-1.R,369
generated/bpcp/print.kmciLRtidy/test-1.R,364
generated/bpcp/qqbeta/test-10.R,1586
generated/bpcp/quantile.kmci/test-1.R,1818
generated/bpcp/quantile.kmciLR/test-1.R,1096
generated/bpcp/quantile.kmciLRgroup/test-1.R,851
generated/bpcp/quantile.kmciLRtidy/test-1.R,519
generated/bpcp/StCI.default/test-1.R,51
generated/bpcp/StCI.kmciLR/test-1.R,290
generated/bpcp/summary.kmci/test-1.R,392
generated/bpcp/summary.kmciLR/test-1.R,247
generated/bpcp/summary.kmciLRgroup/test-1.R,74
generated/bpcp/summary.kmciLRtidy/test-1.R,24
generated/bpcp/tidykmciLR/test-1.R,154
generated/bqtl/bc1.levels/test-1.R,3789
generated/bqtl/configs/test-2.R,2972
generated/bqtl/f2.levels/test-1.R,1207
generated/bqtl/locus/test-1.R,458
generated/bqtl/make.loc.right/test-3.R,343
generated/bqtl/make.location.prior/test-1.R,983
generated/bqtl/make.map.frame/test-1.R,124
generated/bqtl/make.marker.numeric/test-2.R,186
generated/bqtl/make.regressor.matrix/test-1.R,10
generated/bqtl/make.state.matrix/test-4.R,33
generated/bqtl/make.varcov/test-1.R,84
generated/bqtl/map.dx/test-1.R,1494
generated/bqtl/map.index.default/test-4.R,512
generated/bqtl/map.location.default/test-1.R,532
generated/bqtl/plot.map.frame/test-1.R,90
generated/bqtl/ri.levels/test-1.R,2612
generated/brew/brew/test-1.R,19
generated/brew/brewCache/test-1.R,4770
generated/brew/brewCacheOff/test-1.R,4689
generated/brew/brewCacheOn/test-1.R,3943
generated/brglm/brglm.control/test-1.R,4632
generated/brglm/brglm/test-1.R,15
generated/brglm/checkModifications/test-1.R,161
generated/brglm/gethats/test-10.R,741
generated/brglm/glm.control1/test-1.R,4584
generated/brglm/modifications/test-1.R,10
generated/brglm/print.brglm/test-1.R,10
generated/Brobdingnag/as.brob/test-44.R,1343
generated/Brobdingnag/brob/test-35.R,1516
generated/Brobdingnag/max/test-1.R,469
generated/brotli/brotli_compress/test-1.R,10
generated/brotli/brotli_decompress/test-1.R,442
generated/BSDA/CIsim/test-1.R,51
generated/BSDA/Combinations/test-1.R,964
generated/BSDA/EDA/test-10.R,39
generated/BSDA/normarea/test-1.R,74
generated/BSDA/nsize/test-1.R,1158
generated/BSDA/ntester/test-1.R,33
generated/BSDA/print.htest_S/test-10.R,222
generated/BSDA/SIGN.test.default/test-10.R,764
generated/BSDA/SRS/test-1.R,900
generated/BSDA/tsum.test/test-1.R,1386
generated/BSDA/z.test/test-1.R,2573
generated/BSDA/zsum.test/test-1.R,2368
generated/BsMD/BsProb/test-10.R,673
generated/BsMD/DanielPlot/test-10.R,75
generated/BsMD/LenthPlot/test-3.R,79
generated/BsMD/plot.BsProb/test-19.R,14
generated/BsMD/print.BsProb/test-2.R,67
generated/BsMD/summary.BsProb/test-2.R,161
generated/BsMD/summary.MD/test-3.R,150
generated/bvls/bvls/test-2.R,715
generated/bvls/coef.bvls/test-3.R,644
generated/c2c/calculate_clustering_metrics/test-3.R,364
generated/c2c/class_entropy/test-2.R,795
generated/c2c/class_purity/test-2.R,1374
generated/c2c/get_conf_mat/test-2.R,568
generated/c2c/get_hard/test-2.R,886
generated/c2c/labels_to_matrix/test-1.R,223
generated/c2c/na_to_zero/test-5.R,344
generated/c2c/overall_entropy/test-1.R,1711
generated/c2c/overall_purity/test-1.R,2299
generated/c2c/percentage_agreement/test-1.R,3384
generated/C50/C5.0Control/test-1.R,1140
generated/C50/getBoostResults/test-1.R,321
generated/C50/parseBoostTable/test-1.R,723
generated/ca/ca.data.frame/test-1.R,322
generated/ca/ca.matrix/test-2.R,415
generated/ca/ca.table/test-1.R,405
generated/ca/expand.dft/test-2.R,11
generated/ca/mjca.data.frame/test-1.R,27
generated/ca/mjca.table/test-2.R,17
generated/ca/pchlist/test-1.R,41
generated/ca/plot.ca/test-5.R,109
generated/ca/plot.mjca/test-2.R,13
generated/ca/print.ca/test-3.R,166
generated/ca/print.mjca/test-3.R,25
generated/ca/print.summary.ca/test-1.R,36
generated/ca/print.summary.mjca/test-1.R,49
generated/ca/summary.ca/test-1.R,62
generated/ca/summary.mjca/test-1.R,23
generated/calibrate/canocor/test-2.R,109
generated/calibrate/ones/test-3.R,4116
generated/calibrate/PrinCoor/test-1.R,10
generated/calibrate/rad2degree/test-1.R,4452
generated/calibrate/rda/test-2.R,124
generated/calibrate/shiftvector/test-1.R,1000
generated/capushe/AICcapushe/test-2.R,588
generated/capushe/BICcapushe/test-2.R,438
generated/capushe/capushe/test-2.R,10
generated/capushe/DDSE/test-1.R,10
generated/capushe/Djump/test-3.R,170
generated/car/adaptiveKernel/test-10.R,10
generated/car/Anova.mlm/test-1.R,48
generated/car/applyDefaults/test-10.R,3360
generated/car/basicPower/test-1.R,1212
generated/car/bcn.sv/test-1.R,10
generated/car/bcnPower/test-100.R,683
generated/car/bcnPowerInverse/test-1.R,4259
generated/car/bcnPowerllik/test-100.R,497
generated/car/bcPower/test-100.R,1080
generated/car/boxCoxVariable/test-1.R,2654
generated/car/Boxplot.data.frame/test-1.R,90
generated/car/Boxplot.default/test-1.R,117
generated/car/Boxplot.formula/test-1.R,131
generated/car/Boxplot.list/test-1.R,93
generated/car/Boxplot.matrix/test-1.R,80
generated/car/boxTidwell.default/test-1.R,72
generated/car/boxTidwell.formula/test-1.R,47
generated/car/brief.data.frame/test-1.R,10
generated/car/brief.function/test-1.R,338
generated/car/brief.glm/test-1.R,10
generated/car/brief.matrix/test-1.R,27
generated/car/brief.numeric/test-1.R,508
generated/car/carPalette/test-1.R,4448
generated/car/check.imatrix/test-1.R,904
generated/car/coef.powerTransform/test-1.R,1169
generated/car/coefs2use/test-1.R,31
generated/car/confidenceEllipse.lm/test-1.R,60
generated/car/contr.Treatment/test-1.R,2511
generated/car/cooks.distance.influence.merMod/test-1.R,167
generated/car/default.arg/test-100.R,3971
generated/car/deltaMethod.default/test-1.R,10
generated/car/densityPlot.default/test-1.R,10
generated/car/densityPlot.formula/test-1.R,15
generated/car/df.terms.default/test-6.R,113
generated/car/dfbeta.influence.merMod/test-1.R,770
generated/car/durbinWatsonTest.lm/test-1.R,12
generated/car/estimateTransform.bcnPower/test-1.R,10
generated/car/estimateTransform.default/test-1.R,10
generated/car/estimateTransform/test-1.R,10
generated/car/exists.method/test-1.R,11
generated/car/Export/test-1.R,245
generated/car/find.legend.columns/test-1.R,3190
generated/car/fitstats/test-1.R,10
generated/car/format.perc/test-1.R,2610
generated/car/formatCall/test-1.R,10
generated/car/formatCompareCoefs/test-1.R,339
generated/car/has.intercept.default/test-1.R,2971
generated/car/has.intercept.matrix/test-1.R,2420
generated/car/has.intercept.mlm/test-1.R,148
generated/car/HL/test-1.R,2198
generated/car/Import/test-1.R,115
generated/car/influencePlot.lm/test-1.R,22
generated/car/invTranEstimate/test-1.R,24
generated/car/invTranPlot.default/test-1.R,13
generated/car/is.aliased/test-1.R,97
generated/car/isFALSE/test-100.R,1260
generated/car/leveneTest.default/test-1.R,88
generated/car/leveneTest.formula/test-1.R,68
generated/car/leveneTest.lm/test-1.R,48
generated/car/linearHypothesis.mlm/test-10.R,59
generated/car/logit/test-1.R,1054
generated/car/makeHypothesis/test-10.R,31
generated/car/makeLinearCombinations/test-1.R,91
generated/car/matchCoefs.default/test-1.R,150
generated/car/ncvTest.lm/test-1.R,37
generated/car/nice/test-10.R,3696
generated/car/outlierTest.lm/test-1.R,124
generated/car/package.installed/test-1.R,595
generated/car/Pillai/test-10.R,404
generated/car/poTest.polr/test-1.R,12
generated/car/powerTransform.formula/test-1.R,10
generated/car/predictor.names.default/test-1.R,144
generated/car/print.Anova.mlm/test-1.R,87
generated/car/print.boxTidwell/test-1.R,223
generated/car/print.chisqTest/test-1.R,214
generated/car/print.confint.boot/test-1.R,282
generated/car/print.deltaMethod/test-1.R,494
generated/car/print.durbinWatsonTest/test-1.R,1107
generated/car/print.fitstats/test-1.R,10
generated/car/print.linearHypothesis.mlm/test-1.R,108
generated/car/print.outlierTest/test-1.R,191
generated/car/print.S.glm/test-1.R,10
generated/car/print.S.lm/test-1.R,44
generated/car/print.spreadLevelPlot/test-1.R,128
generated/car/print.summary.Anova.mlm/test-1.R,54
generated/car/print.summary.bcnPowerTransform/test-1.R,37
generated/car/print.summary.boot/test-1.R,101
generated/car/print.summary.powerTransform/test-1.R,67
generated/car/print.univaov/test-1.R,60
generated/car/printHypothesis/test-10.R,303
generated/car/qqPlot.default/test-1.R,47
generated/car/qqPlot.formula/test-1.R,23
generated/car/qqPlot.lm/test-1.R,10
generated/car/recode/test-1.R,351
generated/car/Recode/test-1.R,326
generated/car/relatives/test-10.R,961
generated/car/responseName.default/test-1.R,67
generated/car/Roy/test-1.R,146
generated/car/scatterplot.default/test-1.R,64
generated/car/scatterplotMatrix.default/test-1.R,10
generated/car/showLabels/test-100.R,794
generated/car/slp/test-1.R,24
generated/car/some.data.frame/test-1.R,689
generated/car/spreadLevelPlot.default/test-1.R,71
generated/car/spreadLevelPlot.formula/test-1.R,63
generated/car/spreadLevelPlot.lm/test-1.R,10
generated/car/squeezeBlanks/test-1.R,3375
generated/car/subsets.regsubsets/test-1.R,52
generated/car/summary.Anova.mlm/test-1.R,12
generated/car/summary.powerTransform/test-1.R,10
generated/car/symbox.default/test-1.R,85
generated/car/symbox.formula/test-1.R,38
generated/car/Tapply/test-1.R,382
generated/car/term.names.default/test-1.R,113
generated/car/testTransform.bcnPowerTransform/test-1.R,151
generated/car/testTransform.powerTransform/test-1.R,228
generated/car/vif.default/test-1.R,70
generated/car/wcrossprod/test-10.R,111
generated/car/whichNames.data.frame/test-1.R,1206
generated/car/Wilks/test-1.R,916
generated/car/yjPower/test-10.R,1497
generated/care/carscore/test-1.R,74
generated/care/make.predlist/test-1.R,3664
generated/care/predict.slm/test-1.R,306
generated/care/slm.internal/test-10.R,121
generated/care/slm/test-1.R,20
generated/caret/as.matrix.confusionMatrix/test-1.R,2064
generated/caret/as.table.confusionMatrix/test-1.R,2443
generated/caret/asNumeric/test-1.R,1189
generated/caret/best/test-1.R,2170
generated/caret/BoxCoxTrans.default/test-1.R,74
generated/caret/caretTheme/test-1.R,1831
generated/caret/check_dims/test-1.R,1546
generated/caret/check_for_wildcards/test-1.R,2716
generated/caret/checkConditionalX/test-1.R,104
generated/caret/checkInstall/test-1.R,571
generated/caret/checkResamples/test-1.R,40
generated/caret/class2ind/test-1.R,266
generated/caret/classDist.default/test-1.R,144
generated/caret/confusionMatrix.default/test-1.R,23
generated/caret/confusionMatrix.table/test-1.R,24
generated/caret/contr.ltfr/test-1.R,1740
generated/caret/createDataPartition/test-1.R,39
generated/caret/createModel/test-100.R,10
generated/caret/createResample/test-1.R,294
generated/caret/createTimeSlices/test-1.R,431
generated/caret/defaultSummary/test-10.R,113
generated/caret/dotPlot/test-1.R,33
generated/caret/downSample/test-1.R,27
generated/caret/dummyVars.default/test-1.R,244
generated/caret/enumLC.matrix/test-1.R,485
generated/caret/expoTrans.default/test-1.R,129
generated/caret/F_meas.table/test-1.R,192
generated/caret/featurePlot/test-1.R,81
generated/caret/filterVarImp/test-1.R,57
generated/caret/findCorrelation_exact/test-1.R,491
generated/caret/findCorrelation_fast/test-1.R,1087
generated/caret/findCorrelation/test-1.R,376
generated/caret/findLinearCombos/test-1.R,573
generated/caret/flatTable/test-10.R,930
generated/caret/gafs_initial/test-1.R,1121
generated/caret/gafs_lrSelection/test-1.R,345
generated/caret/gafs_spCrossover/test-1.R,1983
generated/caret/get_model_type/test-1.R,3314
generated/caret/get_ref_point/test-1.R,294
generated/caret/get_types/test-10.R,1312
generated/caret/getModelInfo/test-1.R,10
generated/caret/groupKFold/test-1.R,15
generated/caret/hasDots/test-1.R,414
generated/caret/icr.default/test-1.R,10
generated/caret/index2vec/test-1.R,1262
generated/caret/internalEnumLC/test-1.R,925
generated/caret/knn3.formula/test-1.R,201
generated/caret/knn3.matrix/test-100.R,814
generated/caret/knn3Train/test-100.R,335
generated/caret/knnreg.data.frame/test-1.R,117
generated/caret/knnregTrain/test-1.R,30
generated/caret/levels.train/test-1.R,10
generated/caret/lift.formula/test-1.R,10
generated/caret/liftCalc/test-1.R,10
generated/caret/manly/test-10.R,3163
generated/caret/manlyLik/test-10.R,2185
generated/caret/maxDissim/test-1.R,10
generated/caret/MeanSD/test-10.R,697
generated/caret/minDiss/test-1000.R,1007
generated/caret/model_failed/test-100.R,10
generated/caret/nearZeroVar/test-1.R,56
generated/caret/negPredValue.table/test-1.R,380
generated/caret/nominalTrainWorkflow/test-1.R,10
generated/caret/nullModel.default/test-1.R,712
generated/caret/nzv/test-1.R,153
generated/caret/optimism_xy/test-100.R,10
generated/caret/outcome_conversion/test-10.R,565
generated/caret/parallel_check/test-1.R,374
generated/caret/pcaNNet.default/test-1.R,10
generated/caret/pickSizeBest/test-1.R,1170
generated/caret/pickSizeTolerance/test-1.R,1075
generated/caret/plotRef/test-1.R,41
generated/caret/posPredValue.table/test-1.R,612
generated/caret/postResample/test-10.R,79
generated/caret/pre_process_options/test-1.R,1096
generated/caret/precision.default/test-1.R,596
generated/caret/precision.table/test-10.R,1196
generated/caret/pred_failed/test-10.R,964
generated/caret/predict.BoxCoxTrans/test-1.R,1351
generated/caret/predict.knn3/test-100.R,235
generated/caret/predict.knnreg/test-1.R,39
generated/caret/predict.preProcess/test-10.R,10
generated/caret/predictionFunction/test-100.R,10
generated/caret/preProcess.default/test-10.R,24
generated/caret/prettySeq/test-1.R,1018
generated/caret/print.BoxCoxTrans/test-1.R,299
generated/caret/print.confusionMatrix.train/test-1.R,314
generated/caret/print.confusionMatrix/test-1.R,164
generated/caret/print.expoTrans/test-1.R,292
generated/caret/printCall/test-1.R,10
generated/caret/recall.default/test-1.R,350
generated/caret/recall.table/test-10.R,575
generated/caret/requireNamespaceQuietStop/test-1.R,1836
generated/caret/resampleSummary/test-1.R,61
generated/caret/resampName/test-1.R,10
generated/caret/rocPerCol/test-10.R,593
generated/caret/safs_initial/test-1.R,2306
generated/caret/safs_perturb/test-1.R,2325
generated/caret/safs_prob/test-100.R,1042
generated/caret/sensitivity.default/test-100.R,1085
generated/caret/sensitivity.table/test-10.R,1214
generated/caret/sortImp/test-1.R,273
generated/caret/spatialSign.data.frame/test-1.R,56
generated/caret/spatialSign.default/test-100.R,2233
generated/caret/spatialSign.matrix/test-1.R,875
generated/caret/specificity.default/test-100.R,781
generated/caret/specificity.table/test-10.R,569
generated/caret/subset_x/test-10.R,832
generated/caret/sumDiss/test-1000.R,982
generated/caret/train_resampledCM/test-1.R,10
generated/caret/trainControl/test-1.R,2201
generated/caret/trim_values/test-10.R,15
generated/caret/twoClassSim/test-1.R,188
generated/caret/twoClassSummary/test-1.R,335
generated/caret/upSample/test-1.R,44
generated/caret/var_seq/test-1.R,872
generated/caret/zeroVar/test-10.R,185
generated/catdap/Barplot2WayTable/test-2.R,62
generated/catdap/catdap1/test-1.R,10
generated/catdap/catdap1c/test-2.R,31
generated/catdap/catdap2/test-1.R,10
generated/catdap/convi/test-13.R,1817
generated/catdap/plot.catdap2/test-1.R,23
generated/catdap/print.catdap1/test-2.R,10
generated/CBPS/CBMSM.fit/test-1.R,10
generated/CBPS/CBMSM/test-1.R,10
generated/CBPS/CBPS.2Treat/test-1.R,10
generated/CBPS/CBPS.fit/test-1.R,10
generated/CBPS/integer.base.b/test-10.R,3477
generated/CBPS/msm.loss.func/test-10.R,47
generated/CBPS/npCBPS.fit/test-1.R,10
generated/CCA/cc/test-1.R,95
generated/CCA/comput/test-1.R,163
generated/CCA/img.matcor/test-1.R,10
generated/CCA/matcor/test-1.R,20
generated/CCA/plt.indiv/test-1.R,116
generated/CCA/plt.var/test-1.R,72
generated/CCA/rcc/test-1.R,91
generated/cclust/cclust/test-1.R,425
generated/cclust/clustIndex/test-1.R,31
generated/cclust/predict.cclust/test-1.R,230
generated/CEoptim/dirichletrnd/test-1.R,856
generated/CEoptim/print.CEoptim/test-1.R,353
generated/CEoptim/rtmvnorm/test-1.R,379
generated/CerioliOutlierDetection/cerioli2010.fsrmcd.test/test-1.R,10
generated/CerioliOutlierDetection/cerioli2010.irmcd.test/test-1.R,10
generated/CerioliOutlierDetection/ch99AsymptoticDF/test-10.R,2725
generated/CerioliOutlierDetection/hr05.predict.050.hr05/test-1.R,3634
generated/CerioliOutlierDetection/hr05AdjustedDF/test-10.R,882
generated/CerioliOutlierDetection/hr05CriticalValue/test-10.R,1544
generated/CerioliOutlierDetection/hr05CutoffMvnormal/test-1.R,785
generated/CerioliOutlierDetection/max.bdp.mcd.alpha/test-1.R,1678
generated/CerioliOutlierDetection/predictfunc/test-1.R,1644
generated/cfa/bcfa/test-1.R,10
generated/cfa/cfa/test-26.R,25
generated/cfa/fCFA/test-1.R,33
generated/cfa/hcfa/test-1.R,10
generated/cfa/kvCFA/test-1.R,10
generated/cfa/mcfa/test-1.R,62
generated/cfa/plot.bcfa/test-1.R,10
generated/cfa/plot.mcfa/test-1.R,32
generated/cfa/plot.scfa/test-1.R,22
generated/cfa/print.bcfa/test-1.R,416
generated/cfa/print.fCFA/test-1.R,108
generated/cfa/print.hcfa/test-1.R,325
generated/cfa/print.kvCFA/test-1.R,95
generated/cfa/print.mcfa/test-1.R,10
generated/cfa/print.scfa/test-1.R,67
generated/cfa/scfa/test-1.R,34
generated/cfa/summary.fCFA/test-1.R,66
generated/cfa/summary.kvCFA/test-1.R,81
generated/CfEstimateQuantiles/cf_estimate_quantiles/test-1.R,10
generated/cheb/chebR/test-1.R,1064
generated/checkmate/allMissing/test-7.R,2215
generated/checkmate/anyInfinite/test-3.R,2841
generated/checkmate/anyMissing/test-4.R,3570
generated/checkmate/anyNaN/test-1.R,2858
generated/checkmate/asCount/test-1.R,958
generated/checkmate/asInt/test-1.R,1961
generated/checkmate/asInteger/test-1.R,3185
generated/checkmate/assert/test-1.R,1660
generated/checkmate/assertFlag/test-1.R,1010
generated/checkmate/assertNames/test-1.R,2051
generated/checkmate/assertNumeric/test-1.R,800
generated/checkmate/checkAccess/test-6.R,1330
generated/checkmate/checkArray/test-1.R,772
generated/checkmate/checkFormula/test-1.R,3754
generated/checkmate/checkInteger/test-1.R,2761
generated/checkmate/checkMultiClass/test-1.R,2610
generated/checkmate/checkPathForOutput/test-1.R,2672
generated/checkmate/makeAssertCollection/test-1.R,3614
generated/checkmate/makeAssertionFunction/test-1.R,857
generated/checkmate/makeExpectationFunction/test-1.R,248
generated/checkmate/makeTestFunction/test-1.R,1329
generated/checkmate/matchArg/test-1.R,2240
generated/checkmate/qtest/test-14.R,2934
generated/checkmate/qtestr/test-1.R,2375
generated/checkmate/testAccess/test-1.R,1425
generated/checkmate/testAtomic/test-1.R,3584
generated/checkmate/testCharacter/test-2.R,1729
generated/checkmate/testChoice/test-1.R,3192
generated/checkmate/testClass/test-1.R,2604
generated/checkmate/testComplex/test-1.R,3320
generated/checkmate/testCount/test-2.R,3610
generated/checkmate/testDataFrame/test-2.R,2506
generated/checkmate/testDirectory/test-1.R,1336
generated/checkmate/testDisjunct/test-3.R,1196
generated/checkmate/testDouble/test-2.R,3539
generated/checkmate/testEnvironment/test-1.R,3155
generated/checkmate/testFactor/test-1.R,2232
generated/checkmate/testFALSE/test-1.R,3406
generated/checkmate/testFileExists/test-2.R,1254
generated/checkmate/testFlag/test-2.R,3623
generated/checkmate/testFunction/test-1.R,1249
generated/checkmate/testInt/test-2.R,3550
generated/checkmate/testInteger/test-3.R,3582
generated/checkmate/testList/test-4.R,2048
generated/checkmate/testMatrix/test-1.R,2374
generated/checkmate/testNamed/test-1.R,2844
generated/checkmate/testNames/test-1.R,2691
generated/checkmate/testNull/test-1.R,1042
generated/checkmate/testNumber/test-2.R,3705
generated/checkmate/testNumeric/test-2.R,3597
generated/checkmate/testOS/test-1.R,2816
generated/checkmate/testPathForOutput/test-1.R,1239
generated/checkmate/testRaw/test-1.R,3677
generated/checkmate/testScalar/test-1.R,3687
generated/checkmate/testScalarNA/test-1.R,1405
generated/checkmate/testSetEqual/test-1.R,967
generated/checkmate/testString/test-1.R,1523
generated/checkmate/testSubset/test-1.R,823
generated/checkmate/testTibble/test-2.R,536
generated/checkmate/testTRUE/test-1.R,1547
generated/checkmate/testVector/test-1.R,1579
generated/checkmate/vname/test-1.R,296
generated/checkmate/wf/test-17.R,1557
generated/checkmate/wl/test-1.R,964
generated/chemometrics/alr/test-1.R,459
generated/chemometrics/clr/test-1.R,57
generated/chemometrics/clvalidity/test-1.R,10
generated/chemometrics/delintercept/test-1.R,86
generated/chemometrics/ilr/test-1.R,10
generated/chemometrics/knnEval/test-1.R,10
generated/chemometrics/lmCV/test-1.R,10
generated/chemometrics/Moutlier/test-1.R,10
generated/chemometrics/mvr_dcv/test-1.R,10
generated/chemometrics/nipals/test-1.R,36
generated/chemometrics/nnetEval/test-1.R,10
generated/chemometrics/pcaCV/test-1.R,10
generated/chemometrics/pcaVarexpl/test-1.R,61
generated/chemometrics/plotcompmvr/test-1.R,61
generated/chemometrics/plotcompprm/test-1.R,59
generated/chemometrics/plotpredmvr/test-1.R,10
generated/chemometrics/plotpredprm/test-1.R,10
generated/chemometrics/plotprm/test-1.R,65
generated/chemometrics/plotresmvr/test-1.R,10
generated/chemometrics/plotresprm/test-1.R,10
generated/chemometrics/plotRidge/test-1.R,10
generated/chemometrics/plotSEPmvr/test-1.R,10
generated/chemometrics/plotSEPprm/test-1.R,10
generated/chemometrics/plotsom/test-1.R,26
generated/chemometrics/pls_eigen/test-1.R,28
generated/chemometrics/pls2_nipals/test-1.R,18
generated/chemometrics/prm_cv/test-10.R,10
generated/chemometrics/prm_dcv/test-1.R,10
generated/chemometrics/prm/test-10.R,10
generated/chemometrics/RPvectors/test-1.R,764
generated/chemometrics/sd_trim/test-100.R,466
generated/chemometrics/svmEval/test-1.R,10
generated/chemometrics/treeEval/test-1.R,10
generated/chron/as.chron.Date/test-2.R,2002
generated/chron/as.chron.POSIXt/test-1.R,320
generated/chron/as.chron.ts/test-2.R,10
generated/chron/c.dates/test-1.R,454
generated/chron/chron/test-43.R,2462
generated/chron/cut.dates/test-1.R,136
generated/chron/dates/test-2.R,895
generated/chron/diff.times/test-1.R,549
generated/chron/format.chron/test-2.R,172
generated/chron/format.times/test-6.R,1256
generated/chron/hours/test-1.R,597
generated/chron/julian.default/test-12.R,2488
generated/chron/month.day.year/test-19.R,1017
generated/chron/months.default/test-3.R,664
generated/chron/origin/test-42.R,3629
generated/chron/parse.format/test-5.R,529
generated/chron/pretty.chron/test-1.R,49
generated/chron/print.chron/test-1.R,200
generated/chron/print.dates/test-4.R,117
generated/chron/seq.dates/test-3.R,197
generated/chron/times/test-10.R,1350
generated/chron/trunc.times/test-4.R,751
generated/chron/weekdays.default/test-1.R,634
generated/chron/xtfrm.dates/test-1.R,2385
generated/CIplot/CIplot.default/test-10.R,195
generated/CIplot/CIplot.glht/test-1.R,10
generated/CIplot/CIplot.htest/test-1.R,178
generated/CIplot/CIplot.ORci/test-1.R,171
generated/CIplot/CIplot.TukeyHSD/test-1.R,13
generated/CIplot/print.ORci/test-1.R,825
generated/circlize/add_transparency/test-10.R,1836
generated/circlize/adjacencyList2Matrix/test-1.R,335
generated/circlize/arc.midpoint/test-1.R,2866
generated/circlize/arc.points/test-10.R,642
generated/circlize/as.radian/test-1000.R,3087
generated/circlize/check.track.position/test-10.R,744
generated/circlize/chordDiagram/test-1.R,10
generated/circlize/circos.clear/test-1.R,33
generated/circlize/circos.genomicInitialize/test-1.R,26
generated/circlize/circos.info/test-1.R,2648
generated/circlize/circos.initializeWithIdeogram/test-1.R,11
generated/circlize/circos.par/test-100.R,190
generated/circlize/colorRamp2/test-1.R,266
generated/circlize/continuousIndexSegment/test-1.R,2163
generated/circlize/convert_height/test-1.R,2162
generated/circlize/convert_length/test-1.R,2175
generated/circlize/degreeDiff/test-10.R,3078
generated/circlize/degreeDiff2/test-10.R,3146
generated/circlize/generateRandomBed/test-1.R,10
generated/circlize/genomicDensity/test-1.R,10
generated/circlize/get_most_inside_radius/test-1.R,3649
generated/circlize/get.all.sector.index/test-1.R,2938
generated/circlize/get.all.track.index/test-1.R,3598
generated/circlize/get.cell.data/test-100.R,3522
generated/circlize/get.current.sector.index/test-10.R,3609
generated/circlize/get.current.track.index/test-1.R,1005
generated/circlize/getColorInfo/test-100.R,3249
generated/circlize/getHueRange/test-1.R,3668
generated/circlize/getMinimumBrightness/test-100.R,2839
generated/circlize/getQuadraticPoints/test-10.R,423
generated/circlize/getSaturationRange/test-10.R,2966
generated/circlize/has.cell/test-100.R,3248
generated/circlize/is.circos.initialized/test-1.R,972
generated/circlize/line_degree/test-1.R,2801
generated/circlize/mat2df/test-1.R,449
generated/circlize/names.CELL_META/test-1.R,3261
generated/circlize/order_region/test-1.R,799
generated/circlize/overlap_interval/test-1000.R,745
generated/circlize/overlap_region/test-1.R,10
generated/circlize/parse_unit/test-1.R,1497
generated/circlize/pickBrightness/test-100.R,2702
generated/circlize/pickHue/test-100.R,3421
generated/circlize/pickSaturation/test-100.R,2802
generated/circlize/polar2Cartesian/test-100.R,1382
generated/circlize/psubset/test-10.R,2023
generated/circlize/quadratic.bezier.length/test-10.R,1774
generated/circlize/quadratic.bezier/test-10.R,494
generated/circlize/rainfallTransform/test-1.R,205
generated/circlize/rand_color/test-10.R,82
generated/circlize/randomWithin/test-100.R,748
generated/circlize/read.chromInfo/test-1.R,71
generated/circlize/recycle.with.factors/test-1.R,2470
generated/circlize/recycle.with.levels/test-10.R,3619
generated/circlize/reduce_region/test-1.R,10
generated/circlize/resetGlobalVariable/test-1.R,3540
generated/circlize/revMat/test-10.R,2092
generated/circlize/set.cell.data/test-100.R,415
generated/circlize/set.current.track.index/test-1.R,3465
generated/circlize/sort_chr/test-1.R,1063
generated/circlize/sort_region/test-1.R,673
generated/circlize/warning_wrap/test-1.R,613
generated/circular/A1/test-10.R,3432
generated/circular/A1inv/test-1000.R,3413
generated/circular/allcrosses/test-1.R,27
generated/circular/angular.deviation/test-1.R,445
generated/circular/angular.variance/test-1.R,1534
generated/circular/AngularDeviationRad/test-1.R,3039
generated/circular/AngularVarianceRad/test-1.R,3034
generated/circular/aov.circular/test-1.R,124
generated/circular/AovCircularRad/test-1.R,184
generated/circular/area2/test-1.R,20
generated/circular/areas.region.circular/test-1.R,27
generated/circular/as.circular/test-100.R,3243
generated/circular/as.data.frame.circular/test-10.R,1299
generated/circular/bw.cv.ml.circular/test-1.R,10
generated/circular/bw.cv.mse.circular/test-1.R,10
generated/circular/bw.nrd.circular/test-1.R,1000
generated/circular/circle.control/test-1.R,2805
generated/circular/CirclePlotRad/test-10.R,98
generated/circular/circular.colors/test-1.R,2472
generated/circular/circular/test-100.R,2439
generated/circular/circularp/test-10.R,886
generated/circular/circularp<-/test-100.R,2996
generated/circular/conversion.circular/test-100.R,31
generated/circular/coord2rad/test-1.R,1174
generated/circular/cor.circular/test-1.R,488
generated/circular/CorCircularRad/test-1.R,1882
generated/circular/curve.circular/test-10.R,11
generated/circular/dasytriangular/test-1.R,2019
generated/circular/DasytriangularRad/test-1.R,3303
generated/circular/dcircularuniform/test-1.R,2301
generated/circular/density.circular/test-10.R,40
generated/circular/DensityCircularRad/test-10000.R,33
generated/circular/dgenvonmises/test-1.R,209
generated/circular/DgenvonmisesRad/test-1.R,1717
generated/circular/djonespewsey/test-1.R,654
generated/circular/DjonespewseyRad/test-1.R,1589
generated/circular/dkatojones/test-1.R,610
generated/circular/DkatojonesRad/test-1.R,2682
generated/circular/dmixedvonmises/test-1.R,300
generated/circular/DmixedvonmisesRad/test-1.R,2556
generated/circular/dpnorm/test-1.R,468
generated/circular/DpnormRad/test-1.R,583
generated/circular/dtriangular/test-1.R,1990
generated/circular/DtriangularRad/test-1.R,3277
generated/circular/dvonmises/test-1.R,756
generated/circular/DvonmisesRad/test-10000.R,2764
generated/circular/dwrappedcauchy/test-1.R,1183
generated/circular/DwrappedcauchyRad/test-1.R,3185
generated/circular/dwrappednormal/test-1.R,833
generated/circular/DwrappednormalRad/test-1000.R,2104
generated/circular/equal.kappa.test/test-1.R,46
generated/circular/EqualKappaTestRad/test-1.R,233
generated/circular/intersect.modal.region.circular/test-1.R,10
generated/circular/IntersectIntervalRad/test-1.R,778
generated/circular/is.circular/test-100.R,3175
generated/circular/kuiper.test/test-1.R,672
generated/circular/KuiperTestRad/test-1.R,697
generated/circular/lm.circular.cc/test-1.R,78
generated/circular/lm.circular.cl/test-1.R,10
generated/circular/lm.circular/test-1.R,70
generated/circular/LmCircularccRad/test-1.R,93
generated/circular/LmCircularclRad/test-1.R,10
generated/circular/lsfit.circle/test-1.R,460
generated/circular/LsfitCircleRad/test-1.R,1100
generated/circular/mean.circular/test-1.R,806
generated/circular/MeanCircularRad/test-10.R,2767
generated/circular/meandeviation/test-1.R,1053
generated/circular/MeanDeviationRad/test-1.R,1602
generated/circular/median.circular/test-1.R,231
generated/circular/MedianCircularRad/test-1.R,2421
generated/circular/medianHL.circular/test-1.R,496
generated/circular/MedianHLCircularRad/test-1.R,1077
generated/circular/minusPiPlusPi/test-1.R,332
generated/circular/MinusPiPlusPiRad/test-10.R,2899
generated/circular/mle.vonmises.bootstrap.ci/test-1.R,10
generated/circular/mle.vonmises/test-1.R,494
generated/circular/mle.wrappedcauchy/test-1.R,30
generated/circular/mle.wrappednormal/test-1.R,340
generated/circular/MleVonmisesBootstrapCiRad/test-1.R,10
